cell_line,NSC_673596_7_Ethyl_10_hydroxycamptothecin,NSC_630176_Depsipeptide,NSC_82151_Daunorubicin,NSC_722134_Sonolisib,NSC_707389_Eribulin_mesilate,NSC_182986_AZQ,NSC_145668_Ancitabine_hydrochloride,NSC_241240_Carboplatin,NSC_707545_Alvespimycin,NSC_760183_JQ1,NSC_781515_AMG_232,NSC_784815_AZD_3147,NSC_764091_Apitolisib,NSC_757444_Barasertib,NSC_681239_Bortezomib,NSC_49842_Vinblastine,NSC_781468_CUDC_427,NSC_782007_AZ_628,NSC_226080_Rapamycin,NSC_779218_CEP_28122,NSC_788121_AZD_3759,NSC_793677_ASP_5878,NSC_706363_Arsenic_trioxide,NSC_125066_Bleomycin,NSC_368390_Brequinar,NSC_794646_AMG_51,NSC_755983_BI_2536,NSC_754346_AMG_458,NSC_125973_Paclitaxel,NSC_132483_Aminopterin_Derivative,NSC_102816_Azacitidine,NSC_88536_Calusterone,NSC_781008_maritoclax,NSC_791328_ARQ_092,NSC_795142_M2698,NSC_780249_AZD_6738,NSC_761931_KHK_Indazole,NSC_762831_MK_0752,NSC_320846_Batracylin,NSC_238159_Nocodazole,NSC_759659_Navitoclax,NSC_756875_Nutlin_3,NSC_24559_Mithramycin,NSC_3061_malacid,NSC_772564_IDH_C227,NSC_773230_AZD_2461,NSC_810717_CG_806,NSC_808790_AZD_0364,NSC_791966_CFI_400945,NSC_639966_Perifosine,NSC_758257_LY_2606368,NSC_764042_ARRY_162,NSC_791967_TAK_659_isomer_1,NSC_718781_Erlotinib,NSC_764135_BMS_599626,NSC_794443_KPT_8602,NSC_26980_Mitomycin,NSC_719239_E_7820,NSC_743414_Imatinib,NSC_771644_ARQ_621,NSC_124463_Fludarabine,NSC_767745_Pelitrexol,NSC_787025_BAY_1161909,NSC_614826_bisacodyl_active_ingredient_of_viraplex,NSC_92339_Fluphenazine,NSC_792956_AZD_0156,NSC_777445_GSK_1070916,NSC_805500_SEL_120,NSC_780019_PD183805,NSC_782549_Defactinib,NSC_768068_Cobimetinib_isomer_1,NSC_766820_LY_2228820,NSC_780108_PF_06463922,NSC_759658_6_4_pyrimidinyl_1H_indazole_derivative,NSC_669364_AC1L8IIJ,NSC_764040_Alectinib,NSC_786959_AZD_9496,NSC_767896_LY_2940680,NSC_758486_HPI_1,NSC_89201_Estramustine,NSC_354258_8_Chloro_adenosine,NSC_751548_Salinomycin,NSC_788186_Bafetinib,NSC_732517_Dasatinib,NSC_772254_ARRY_520_Isomer_A,NSC_791648_PF_2771,NSC_710464_AFP464,NSC_3053_Actinomycin_D,NSC_755384_Pemetrexed,NSC_755984_Pralatrexate,NSC_740_Methotrexate,NSC_663249_Triapine,NSC_752_6_Thioguanine,NSC_755_6_Mercaptopurine,NSC_19893_Fluorouracil,NSC_27640_Floxuridine,NSC_777571_BIX_01294,NSC_798303_BPTES,NSC_757438_PLX_4720,NSC_749226_Abiraterone,NSC_747974_Raloxifene,NSC_728165_Lificguat,NSC_763832_LOR_253,NSC_165563_Bruceantin,NSC_779407_GNE_617,NSC_760442_Daporinad,NSC_753686_Olaparib,NSC_752493_Iniparib,NSC_780290_SAR_260301_enantiomer_1,NSC_788794_A_911,NSC_791163_RG_7602,NSC_780042_CP_724714,NSC_781343_GDC_0994,NSC_781556_JNJ_42756493,NSC_772198_LY_2090314,NSC_776787_AZD_3463,NSC_766821_BMS_911543,NSC_772887_XL_019,NSC_765866_Refametinib,NSC_785306_TAS_115,NSC_781470_PF_03758309,NSC_776066_AZD_1208,NSC_811429_BLU_667,NSC_697726_RH1,NSC_761070_VE_821,NSC_638850_7_Hydroxystaurosporine,NSC_755763_Pimasertib,NSC_727989_Lapatinib,NSC_805746_CC_671,NSC_761191_brigatinib,NSC_756648_AZD_1480,NSC_761068_Cabozantinib,NSC_737754_Pazopanib,NSC_756659_Intedanib,NSC_760841_Tandutinib,NSC_808507_PF_6459988,NSC_751297_Y_27632,NSC_755986_Vismodegib,NSC_755389_Bosutinib,NSC_764764_ONX_0801,NSC_138783_Bendamustine,NSC_79037_Lomustine,NSC_762419_CT_32228,NSC_32065_Hydroxyurea,NSC_719276_Fulvestrant,NSC_754771_Itraconazole,NSC_721517_Zoledronate,NSC_758706_Simvastatin,NSC_109229_Asparaginase,NSC_719627_Celecoxib
BR:MCF7,0.78,0.43,1.23,0.83,0.83,0.4,0.85,-0.78,0.71,1.02,1.8,1.08,1.65,0.86,0.72,0.59,-0.06,-0.6,0.91,0.74,-0.46,0.42,-0.01,-0.14,0.72,0.49,0.61,-1,0.6,0.19,0.11,-0.46,1.42,2,0.68,2.46,1.85,-0.05,-0.93,0.19,-0.51,2.02,0.36,-0.07,-0.58,0.04,0.26,-0.5,0.44,-0.96,0.96,-1.1,0.23,-1.37,-0.94,1.08,1.18,-0.41,-0.14,2.02,-0.27,0.88,1.44,2.07,-0.19,1.3,0.67,-0.09,-0.18,0.13,-1.1,-0.46,0.93,0.68,-1.25,-0.25,5.88,0.56,1.06,0.86,0.78,1.12,-0.33,-1.32,0.44,0.55,2.18,1.06,1.9,0.12,0.7,1.13,0.48,0.7,1.34,0.68,-0.1,-0.6,-0.89,-0.83,4.59,0.68,-0.46,0.23,-0.42,0.18,0.58,-0.01,0.96,1.55,2.18,1.14,-0.63,-0.92,2.66,2.17,-0.39,0.15,-0.65,-1.08,1.33,-0.05,0.09,0.64,0.29,0.3,-0.77,0.24,1.12,0.79,0.79,-0.38,0.08,0.51,0.15,1.57,-0.34,-0.18,-0.7,2.41,-0.16,-0.43,0.4,0.56,5.46,-0.33,-0.6,-1.21,-0.44,-0.01
BR:MDA-MB-231,-1.61,0.4,-0.8,-1.22,-0.1,-0.41,-0.07,-0.83,0.45,0.04,-0.67,-0.06,-1.14,-0.24,0.38,-0.16,3.24,1.72,-1.09,0.59,-0.22,-0.86,0.02,-0.93,-0.59,-0.44,0.62,0.21,-0.19,-1.54,0.54,-0.82,1,-0.54,-0.91,-0.99,-0.23,-0.7,-0.07,-0.41,0.64,-0.48,-0.33,0.09,0.8,-0.54,-1.07,0.47,-0.29,-0.23,-1.76,0.35,0.25,-0.29,0.48,0.51,-1.54,-0.51,-0.16,0.89,-0.75,-3.18,-0.07,-0.31,-0.19,0.11,-0.6,0.4,-0.36,-0.72,0.93,-0.6,0.22,-0.26,-0.21,-0.16,-0.47,-0.26,-0.52,-0.18,-0.96,-0.67,0.83,1.17,0.44,0.37,-0.73,-0.78,-0.8,0.33,-1.22,-1.12,-0.31,-0.44,-1.84,-1.05,1.2,0.57,-0.35,-0.1,-0.04,-0.49,0.46,-0.1,-0.72,-0.82,-0.61,0.26,-0.5,-0.13,-1.09,-0.31,0.08,-0.14,-0.54,-0.94,0.47,-0.52,-0.13,0.46,0.63,0.04,0.33,-1.83,-0.95,,0.41,-0.12,-0.64,0.21,-0.43,-0.15,0.22,0.05,0.03,-0.68,-0.34,-0.58,-0.71,-0.9,0.41,-1,-0.21,-0.81,-0.31,0.4,1.06,1.79,-0.32,0.29
BR:HS 578T,-2.97,0.27,-0.46,1.71,-0.03,-0.83,-1.83,2.73,-2.71,1.06,-0.64,0.99,1.48,0.34,0.17,0.45,-0.59,-0.9,0.88,0.88,-0.1,0.6,0.22,0.21,-0.39,-0.11,0.27,-0.71,0.69,-1.45,0.12,-0.13,0.23,0.75,1.29,0.1,-0.28,-0.7,0.43,0.27,-0.73,-1.13,0.41,-1.41,1.33,-0.54,0.16,-0.71,-0.38,-0.7,-1.82,-0.81,0.25,0.06,-0.26,-1.08,-1.05,-0.43,0.07,0.58,-0.75,-0.65,-0.43,2.32,-0.18,0.56,-0.05,-0.76,-0.47,-0.14,-1.02,-0.81,0.2,0.65,-0.03,0.14,-0.17,-0.2,2.16,-0.03,-1.43,1.43,-0.43,1.25,0.48,0.29,-0.59,-0.26,-0.8,0.17,-1.89,-1.69,-1.09,-0.55,-1.31,-0.42,0.21,1.45,0.11,1.07,-0.28,-0.45,-2.25,0.21,-0.73,-0.91,-0.61,-0.67,1.08,0.08,-0.69,-0.69,-0.69,0.93,3.07,-0.51,2.35,0.63,-0.11,1.11,-0.83,-0.63,1.57,-2.12,-1.49,1.98,-1.21,-0.54,-1,-0.13,0.29,0.87,0.27,1.27,0.65,-0.98,1.25,0.18,-0.82,-0.9,-0.13,-1.38,0.43,-0.56,-0.31,0.37,3.99,-0.07,-0.01,-0.15
BR:BT-549,0.52,-0.06,-0.61,0.44,-0.51,-0.7,-1.61,0.26,-2.34,-1.35,-0.47,0.9,1,0.06,1.02,-0.71,4,-0.67,0.33,-0.22,-0.52,1.33,-0.13,-0.72,-1.38,-0.73,-0.46,-0.76,0.21,-1.34,0.12,0.22,0.12,0.52,0.27,0.67,-0.38,-0.05,-1.32,0.3,-0.43,-0.58,0.43,-1.05,-0.16,0.39,-0.61,-1.06,0.36,-0.65,-0.42,-0.94,-0.21,-0.77,-0.59,1,-0.77,-0.46,-0.08,-0.73,-0.33,-0.51,-0.43,2.67,-0.18,0.1,-0.02,-2.31,-0.46,0.23,-1.16,-0.66,-0.8,0.09,-0.82,-0.12,-0.06,0.58,-0.37,0.08,-0.4,0.67,-0.25,-1.06,-0.9,-0.58,-0.98,-0.09,-0.68,0.54,-0.88,-0.41,-0.44,-1.44,-0.85,0.16,0.34,0.74,-0.62,0.8,-0.4,-0.5,0.36,0.21,0.48,-0.11,0.55,-0.67,0.83,0.26,0.88,0.49,-0.47,0.34,-0.63,-1.07,-0.39,-0.64,-0.49,0.62,-0.32,0.04,0.82,-1.91,0.52,-1.47,-0.9,-0.99,0.19,-0.67,0.8,-1,0.42,-1.15,0.19,1.22,-0.2,0.78,-1.22,-0.52,0.08,,0.26,-0.45,0.11,0.83,1.43,-0.47,-0.84,-0.13
BR:T-47D,0.71,0.14,0.1,0.42,-2.55,-0.08,-1.06,-0.83,-0.26,0.26,-0.17,1.08,2.07,0.02,0.97,-2.66,-0.15,-0.52,0.9,-1.51,1.2,-1.06,0.57,-0.38,-1.21,-0.45,-1.09,-0.94,-0.31,-1.54,0.23,0.05,0.64,3,1.82,-0.26,-0.31,1.03,-0.65,-3.46,-0.47,0.27,0.44,-0.66,-0.11,-0.13,-0.83,-1.07,0.05,-0.92,-2.57,-1.1,-1.57,0.35,1.47,1.05,-0.6,-0.74,-0.03,-0.26,-0.51,-0.47,1.56,2.33,-0.18,2.39,-1.48,-0.67,1.78,-0.96,-1.24,0.35,-0.19,2.62,-0.35,-0.58,3.8,2.04,0.55,-0.63,0.75,0.06,-0.14,0.19,0.44,0.37,1.41,0.37,-0.8,0.4,-1.16,-0.94,-0.06,0.5,-0.42,-0.83,-0.28,0.41,-0.36,-0.83,0.22,-0.14,-0.55,0.21,-0.52,0.64,0.69,0.89,1.15,0,-1.25,2.71,-0.61,-1.1,-0.45,-1.27,-0.39,-1.31,-0.59,0.82,-0.94,-0.09,-0.19,0.65,-1.05,,-0.84,-0.19,0.53,-1.47,-0.12,-0.44,0.76,-0.85,-0.21,2.61,-0.34,0.42,-0.42,-0.62,0.51,0.24,-3.41,-0.23,2.79,1.49,-0.4,-1.18,-0.97,0.1
CNS:SF-268,0.71,-0.1,0.12,-0.24,-0.13,0.14,0.05,1.77,-1.1,-1.61,-0.75,-0.08,-0.38,0.27,-0.06,0.17,-1.05,-0.74,-1.04,-0.66,-0.42,-0.56,0.29,0.11,0.14,-0.45,0.61,-0.49,0.16,0.63,-0.57,-0.24,0.41,-0.79,-0.21,-0.96,-0.31,-0.7,0.37,-0.47,-0.59,-0.34,0.18,0.29,0.51,-0.36,-0.63,-0.88,-0.35,-0.34,-0.39,-0.89,0.15,-0.34,-0.41,-0.63,0.22,-0.73,-0.51,0.31,-0.32,0.05,-0.63,-0.62,-0.18,-0.44,-0.52,-0.47,-0.37,0.06,-1.01,-0.42,-0.03,-0.37,0.08,-0.18,-0.26,-0.78,-0.8,-0.56,-1.29,-1.04,-0.66,0.58,0.44,-0.5,-0.65,0.29,1.18,-0.08,0.51,0.48,0.06,0.1,-0.45,0.63,-0.19,0.11,-0.63,0.44,-0.45,-0.55,0.82,0.18,-0.78,-0.82,-0.06,-0.67,-0.15,0.37,-0.86,-0.57,-0.79,0.12,-0.58,-0.63,-0.39,0.07,-0.58,0.37,-0.79,-0.78,0.61,0.48,-0.24,0.65,-0.98,-0.26,-1.15,-0.24,0.14,-0.49,-0.44,0.09,-0.16,-0.7,-0.09,-0.25,-0.32,1.08,-0.02,1.21,-1.54,0.25,-0.31,-0.6,-0.92,0.93,-0.21,0.09
CNS:SF-295,0.68,0.16,0.39,1.1,-0.56,1.02,-0.37,0.52,0,0.35,-0.26,0.44,0.73,-0.01,0.2,0.5,-0.66,-0.81,0.91,-0.56,-0.44,-0.06,-1.37,1.17,0.9,0.35,0.16,2.77,-0.21,0.59,-0.95,-0.17,-0.1,0.74,0.92,0.24,0.3,-0.7,0.28,0.6,-0.19,-0.47,0.2,0.92,0.66,0.99,-0.09,-1.32,0.35,0.29,0.92,-0.98,0.85,-0.42,-0.17,-0.97,0.99,0.33,-0.1,0.01,-0.75,-0.11,-0.63,-0.42,-0.18,0.12,0.7,-0.21,-0.93,-0.29,-1.44,-0.11,-0.36,-0.23,0.28,-0.78,0.18,0.24,-0.34,1.1,-0.77,0.37,-0.09,-0.48,0.44,0.65,-0.78,-0.08,0.87,0.58,0.54,0.23,0.13,-0.08,-0.4,0.65,0.43,0.86,-0.08,1.25,-0.03,-0.54,-0.52,0.21,-0.58,1.29,0.72,-0.67,0.66,-0.6,0.84,-0.29,-1.12,-0.95,1.54,-1.15,-0.39,0.25,-0.52,2.21,0.27,2.37,0.31,0.48,-0.21,-0.01,-1.07,0.03,-0.36,-0.33,-0.55,1.74,-0.4,-0.68,0.29,0.85,-0.34,0.38,-0.69,1.2,0.64,0.4,0.49,0.55,-0.31,1.43,-0.92,1.31,0.13,0.13
CNS:SF-539,0.71,0.4,0.37,-0.2,0.7,0.85,-0.58,0.18,0.71,-0.21,-0.51,0.05,-0.48,1.25,0.47,0.39,1.85,-0.47,0.85,0.55,-0.48,0.85,1.1,1.96,0.62,0.72,0.01,0.84,0.54,-0.37,0.06,-0.87,-1.17,-0.24,1.47,1.17,-0.45,-0.7,1.61,0.5,-0.49,-0.67,0.27,-0.3,0.49,-0.54,1.36,-0.86,0.43,-0.92,0.92,-0.63,0.96,-0.44,-0.86,1.45,0.68,-0.51,0.74,0.52,-0.75,0.73,-0.22,-0.6,-0.18,-0.07,0.77,0.04,-0.29,0.31,-0.85,-0.78,-0.48,-0.6,0.04,-0.35,-0.27,-1.63,-0.39,0.17,-0.59,0.22,-0.04,0.79,0.44,0.65,-0.24,0.5,1.53,-1.63,0.59,1.7,0.11,0.42,1.67,0.65,0.71,-0.34,-0.39,1.02,-0.28,-0.39,-0.32,0.22,1.74,1.52,-0.61,-0.67,-0.24,1.75,1.19,-0.52,0.55,1.82,0.17,-0.06,-0.39,0.93,-0.59,1.63,-0.19,0.12,1.38,0.55,0.68,0.55,-0.9,-0.55,0.99,-0.57,0.28,0.53,1.98,1.22,1.57,-0.9,-0.34,-0.33,0.49,1.3,0.5,0.93,0.49,0.55,-0.31,0.34,1.87,-1.15,0.02,-0.09
CNS:SNB-19,0.71,0.32,0.46,-0.6,0.39,-0.23,-0.07,-0.36,0.23,-0.15,-0.54,-0.66,-0.9,-0.08,-1.2,0.14,-0.31,-0.7,-0.19,-1.81,-0.56,-0.27,0.21,-0.45,0.1,-0.83,0.61,-1.7,0.04,0.21,-1.39,-1.14,-0.3,-0.56,-0.28,-0.26,-0.81,-0.7,0.49,0.18,-0.6,-0.68,0.19,-0.94,1.01,-0.04,-0.86,-1.32,-0.93,-0.45,0.29,-0.15,-1.41,-0.71,-0.64,-0.87,0.58,-0.55,-0.83,-0.4,0.49,-0.47,-0.63,-0.64,-0.18,-1.49,-1.28,0.13,-0.61,-0.74,-0.64,-0.55,-0.8,-0.71,-0.94,-0.26,-0.22,-0.61,-0.81,-0.63,-1.73,0.18,-0.7,-1.28,0.32,0.49,-0.83,0.04,-0.8,-0.59,-0.36,-1.74,-3.29,-1.93,-0.91,0.18,-0.97,0.18,-1.1,0.13,-0.64,-0.31,-0.16,0.22,-0.09,0.47,-0.42,-0.67,-0.8,0.29,-0.78,-0.78,-0.68,-0.96,-0.84,-1.05,-0.39,-1.6,-0.16,-1.48,0.44,2.06,-0.24,-0.22,-1.1,-0.87,-0.87,-1.85,-0.5,-0.73,-0.97,-0.91,-2.65,-0.26,-0.75,-0.12,-0.34,-1.59,-1.44,-0.69,-0.62,0.01,0.06,-0.8,-0.31,-0.69,-0.46,-0.18,-0.58,-0.07
CNS:SNB-75,0.55,0.2,-0.07,1.47,0.87,-0.25,-1.19,0.02,0.62,1.55,-0.43,1.08,2.23,0.84,0.35,0.47,0.31,-1.07,0.91,1.16,0.25,1.66,0.55,0.57,-1.3,0.44,0.53,0.77,0.83,-1.05,0.03,-0.29,-1.04,1.55,2.36,0.4,-1.25,-0.7,0.24,0.3,-0.48,-0.2,0.22,-1.51,2.95,3.09,0.49,-0.48,0.33,0.27,-2.06,-0.95,1.06,-0.22,-0.41,-0.5,0.33,0.67,-0.15,0.26,-0.75,-1.3,-0.3,0.01,-0.19,1.61,1.2,-0.31,0.5,0.92,-0.79,1.62,0.11,1.42,0.25,0.31,-0.18,2.9,1.86,-0.1,0.16,-0.03,-0.66,1.36,0.44,0.17,-0.21,-0.15,-0.8,3.84,-1.46,0.63,-0.11,-0.37,-1.1,0.19,1.06,0.74,-0.02,0.98,-0.05,-1.4,-1.03,0.22,-0.57,-0.74,1.33,-0.67,2.06,0.52,-0.67,-0.29,-0.58,1.93,1.24,-0.02,3.23,1.17,0.66,2.06,-0.48,2.35,1.77,-0.21,0.59,1.86,-1.01,-0.13,0.83,-0.26,0.82,2.15,0.22,1.68,2.66,0.59,3.01,2.99,-1.77,-0.9,-0.14,0.65,0.68,-0.15,-0.31,0.09,1.24,0.98,-0.7,0.3
CNS:U251,0.71,0.57,0.64,-0.67,0.19,0.3,-0.11,0.6,0.62,-0.8,-0.17,-0.52,-0.96,0.06,-0.53,0.34,-0.21,-0.77,-0.3,-0.02,-0.55,0.17,0.99,0.23,0.64,-0.62,0.61,-0.2,0.39,-0.03,-0.12,-0.32,-0.89,-0.04,0.38,-1.35,0.47,-0.7,0.23,-0.18,-0.34,-0.66,0.3,0.03,1.35,-0.54,-0.63,-0.63,-0.45,-0.68,-0.26,-0.32,-0.73,-0.55,-0.07,0.05,0.43,-0.34,-0.14,0.52,-0.57,0.32,-0.18,-0.63,-0.18,-1.44,-0.28,-0.21,-0.83,-0.76,-0.16,-0.44,-0.8,-0.57,-0.37,0.01,0.02,-1.26,-0.83,-0.19,-1.03,1.08,-0.29,-0.83,0.44,0.88,0.66,0.77,-0.19,-0.66,0.35,0.39,-1.09,-0.49,-0.32,0.47,0.24,0.91,-0.39,0.67,0.07,-0.34,1.56,0.22,-0.25,0.85,0.64,0.98,-0.8,0.44,-0.84,-0.36,-0.5,-0.08,0.34,0,-0.39,0.65,-0.55,-1.48,0.67,2.02,0.26,0.42,-0.38,-0.39,-0.42,0,-0.68,-1,-0.19,-0.43,-0.15,0.41,0.08,-0.87,-0.34,-0.69,-0.33,-0.73,0.03,0.05,0.41,0.12,-0.31,0.76,0.23,1.43,0.28,0.2
CO:COLO 205,-1.12,0.48,-0.43,-0.77,0.94,-0.8,-0.59,-0.83,0.71,0.5,-0.54,0.55,-0.54,4.27,-1.02,0.58,0.02,1.7,-1.29,1,-0.44,0.02,-0.29,-0.64,-0.13,1.16,0.61,-2.15,0.49,-0.69,0.25,0.72,-0.04,0.36,0.03,-0.8,0.54,-0.7,0.59,0.34,0.01,-0.62,0.15,-0.52,-1.03,-0.54,2.04,1.59,3.63,0.92,-0.22,1.44,1.66,-1.23,-0.03,0.96,-0.33,1.57,-0.06,1.02,-0.28,0.15,2.41,2.07,-0.18,0.68,3.2,-0.21,-0.58,1.17,1.31,-0.12,0.94,0.25,-0.02,-0.43,-0.39,0.14,0.07,-0.58,0.27,0.5,1.92,1.02,0.44,0.72,-0.36,0.6,-0.47,-0.57,-0.59,-0.33,-0.28,0.05,0.59,0.03,0.32,-1.41,2.2,-0.83,-0.08,0.1,0.34,0.23,1.08,-0.48,-0.61,-0.67,-0.93,1.3,0,0.65,2.23,-0.14,-0.51,2.2,-0.39,1.8,1.35,0.26,1.28,-0.02,-0.66,-0.45,-0.59,-0.62,1.51,-1.73,1.4,0.58,0.14,0.17,-0.49,-0.42,0.38,-0.7,-0.36,-0.17,-0.4,0.49,-0.55,-0.39,0.46,-0.85,-0.31,0.74,-0.92,-0.39,0.07,0.21
CO:HCC-2998,-0.29,0.39,-0.58,0.66,-0.04,-0.88,0.01,-0.86,0.48,0.07,-0.62,-0.13,-0.6,-0.24,0.52,0.11,-0.18,1.26,-0.65,-1.85,-0.57,-1.51,-1.44,-0.85,-1.01,-0.49,0.61,-1.27,0.43,0.51,-0.03,-0.93,-0.32,-0.39,-0.25,0.25,0.59,-0.7,-0.65,0.21,1.25,-0.64,0.14,0.4,-1.22,-0.54,-1.12,1.28,-0.26,0.18,0.88,1.33,-1.38,-1.27,-0.92,-1.08,0.02,,-0.34,0.51,-0.21,-0.4,-0.63,1.18,-0.19,-0.7,-1.09,-0.16,-0.39,-0.23,1.15,-0.52,-0.73,-1.4,0.2,-1.39,0.03,-1.43,-0.43,0.95,0.84,0.97,-0.69,-1.33,0.44,-0.19,0.49,-0.36,1.63,-0.59,0.22,-0.05,0.22,0.23,1.75,0.67,-0.69,-1.33,-0.79,-0.92,-0.94,-0.58,0.9,0.24,-0.55,-0.74,-0.61,0.43,-0.43,-0.66,-1.04,-0.89,1.19,-0.98,-0.63,-0.41,-0.39,-1,-0.09,-1.48,0.48,-0.42,-1.53,-0.49,1.11,-0.95,1.31,-0.12,-1.5,-0.31,-0.7,-0.75,-1.83,-0.52,-0.52,-0.69,-0.34,0.39,-0.07,2.14,0.58,-0.64,-0.32,-0.16,-0.31,-1.18,-0.88,-0.88,-0.24,0.27
CO:HCT-116,0.14,0.49,0.7,-0.67,0.51,-0.04,1.08,-0.58,0.41,0.03,1.52,-1.12,-0.63,0.28,0.82,0.48,-0.18,1.09,-1.22,0.39,-0.45,0.5,-0.63,0.58,1.05,-0.26,0.61,0.33,0.76,1.16,1.54,-0.29,1.03,-0.52,-0.85,-0.45,0.22,1.08,0.72,0.48,-0.29,1.41,0.34,0.41,0.66,-0.54,0.96,1.05,0.37,-0.34,-0.85,0.65,0.54,0.11,-0.08,0.68,-0.08,2.07,0.16,1.37,-0.02,0.72,2.41,-0.45,-0.18,-0.93,0.95,-0.06,-0.3,-0.11,0.87,0.14,0.07,-0.71,-0.9,-0.32,-0.15,0,-0.5,0.14,1.1,0.06,0.73,-0.71,0.44,0.56,0.12,1.18,1.37,-0.4,0.69,0.41,0.59,0.41,0.86,0.62,0.07,-1.04,-0.17,0.21,-0.05,-0.16,1.29,0.23,1.74,1.52,-0.6,-0.67,-0.32,0.2,-0.19,-0.4,0.45,-0.12,0.08,0.01,-0.39,1.56,-0.4,-0.81,1.33,-0.3,-0.34,0.67,0.25,-1.06,0.78,-0.42,0.87,0.11,0.42,-0.31,0.36,0.24,0.07,1.2,-0.34,-0.65,0.23,0.92,-0.03,-0.08,0.44,-0.33,0.86,-0.31,0.44,0.51,-0.19,-2.89
CO:HCT-15,-1.12,-3.21,-1.76,-0.27,-1.66,-0.79,-0.62,-0.86,-1.25,0.44,-0.57,-1.65,-0.62,-1.35,-0.26,-1.55,-0.1,-0.44,0.09,-0.05,-0.5,0.26,-0.2,-0.37,1.17,-0.25,-1.51,0.63,-1.66,1,0.21,-0.15,1.23,-0.48,-0.08,-0.37,0.18,-0.7,0.12,0.37,-0.46,-0.49,-0.43,0.76,-1.22,-0.54,-0.32,-0.87,-0.11,0.88,-0.29,-0.93,-0.57,0.43,-0.25,0.07,-0.49,-0.16,0.01,-1.51,-0.5,-0.03,2.46,-0.29,-0.18,-0.96,-0.48,-0.02,-0.22,-0.34,-0.49,0.55,-0.35,-0.75,-0.32,-0.47,0.24,0.28,-1.13,0.96,1.27,-0.1,-0.03,-0.21,0.44,0.07,-0.62,-1.8,-0.8,-0.12,0.66,-0.21,0.09,0.04,0.68,-0.39,0.4,-1.41,-0.2,0.61,1.24,-0.6,-0.63,0.02,1.22,1.42,-0.61,0.11,-0.41,-0.4,-0.41,0.09,-0.51,0.17,-0.58,0.2,-0.39,2.54,-0.49,0.17,-1.39,-0.4,-0.44,0.22,0.77,-1.05,-0.46,-0.05,1.68,-0.62,-0.21,-0.37,0.22,-0.1,-0.23,-0.7,-0.34,0.03,0.14,-0.06,-0.68,0.47,0.31,-0.31,-0.31,-0.09,-0.92,0.1,-0.33,0.23
CO:HT29,0,0.41,0.02,0.71,0.88,-0.84,-0.82,-0.86,0.71,0.72,-0.89,-0.72,-0.19,0.1,0.23,0.56,-0.25,1.59,-0.13,0.28,-0.45,0.57,-0.21,-1.01,0.64,1.14,0.61,-0.8,0.79,1,-0.02,-1,-1.36,0.35,-0.09,-0.34,0.49,-0.34,-0.38,0.53,-0.41,-0.45,0.11,0.7,-1.22,-0.54,0.72,1.42,0.02,0.53,0.24,1.35,0.28,-1.24,0.03,-0.36,-0.11,0.2,1.16,0.07,-0.75,0.47,0.13,-0.6,-0.18,-0.39,-0.14,0.21,-0.29,-0.43,1.31,0.74,0.9,-0.07,0.08,0.7,-0.26,-0.49,0.7,-0.11,0.69,0.27,1.47,1.07,0.44,0.83,-0.7,0.66,-0.46,-0.91,0.62,-0.2,0.01,0.06,0.56,0.17,1.37,-1.41,1.88,-0.22,0.82,-0.73,-0.95,0.22,1.05,1.64,-0.61,0.24,-0.58,-0.32,-0.48,-0.56,1.78,0.07,0.78,2.19,-0.39,0.34,0.99,0.57,0.69,-0.29,-0.25,0.58,0.56,-0.9,1.48,0.3,-0.18,1.3,-0.32,-0.04,0.54,0.52,1.44,1.19,-0.34,0.34,0.6,-0.9,-0.68,-0.46,0.55,0.02,-0.31,1.74,-0.71,-0.76,-0.11,0.14
CO:KM12,-0.86,0.28,-0.47,-0.38,0.89,-0.92,-1.15,-0.84,0.6,-0.65,-0.59,-0.46,-1.17,1.06,0.15,0.45,-0.51,-0.17,-1.17,-0.73,-0.64,0.37,-1.3,-1.07,0.67,4.73,0.61,1.9,0.61,0.79,0.29,0.02,-0.02,-0.68,-0.02,-0.33,4.06,0.18,-0.4,0.57,-0.31,-0.66,0.2,-0.11,-1.22,-0.54,3.07,0.51,3.94,2.67,0.44,0.55,3.03,-1.37,-0.88,-1.57,-0.9,-0.51,-0.21,0.46,-0.75,-0.1,-0.49,-0.45,-0.18,-0.99,0.19,-0.06,-0.76,4.56,0.78,-0.43,2.71,-1.35,0.34,1.68,-0.02,-0.56,-0.34,-0.48,-0.12,-0.7,-0.33,-1.08,0.44,0.25,-0.56,0.37,-0.8,-0.31,0.5,-0.98,-0.29,-0.22,0.34,-1.2,-0.47,0.82,-0.53,-0.54,-0.09,-0.49,-0.69,0.23,0.51,1.43,-0.61,-0.67,-0.83,0.96,0.57,-0.8,-0.45,-0.6,-0.47,0.26,3.99,-0.42,-0.37,0.42,0.2,-0.54,2.63,0.03,-1.27,0.45,0.66,0.23,-0.47,-0.3,4.16,3.42,0.32,3.35,2.8,-0.67,-0.34,0.25,-0.49,-0.9,-0.68,-0.74,0.38,-0.26,-0.31,0.54,-0.41,-1.14,-0.11,0.38
CO:SW-620,0.27,0.19,0.82,-0.85,-0.15,-0.27,0.01,-0.82,0.71,-1.52,-0.87,-0.7,-0.79,0.57,0.69,0.37,-0.89,0.05,-0.88,0.4,-0.56,0.43,0.07,-0.77,0.57,0,0.61,-1.27,0.46,1.04,-0.13,-0.48,0.04,-0.57,-1.18,-0.47,0.54,-0.7,0.57,0.56,-0.28,-1.05,0.1,0.48,-1.22,-0.54,1.96,0.98,0.15,-0.26,-0.19,1.25,0.46,-1.05,-0.8,0.58,0.24,0.78,-0.45,0.25,-0.48,0.88,0.13,-0.65,-0.18,-0.84,0.55,0.15,-0.39,-0.77,1,-0.78,-0.19,-1.17,-0.84,0.46,-0.15,-1.63,-0.46,0.64,0.11,-1.05,-0.27,-1.23,0.44,0.25,0.39,0.95,-0.77,-1.63,0.58,-0.75,-0.16,-0.18,-0.09,-1.39,-0.94,-1.41,-0.93,-0.92,-0.54,-0.14,-0.3,0.22,1.74,1.52,-0.54,-0.67,-1.15,0.59,-0.63,-0.71,0.17,-0.45,-0.62,0.69,-0.39,-0.21,-0.41,-1.48,0.63,-0.32,-0.25,0.62,-1.27,-1.81,1.31,0.29,1.44,0.34,-0.11,0.06,-1.35,0.06,0.04,-0.9,-0.34,-1.59,-0.51,-0.33,-0.12,0.9,0.49,-0.47,-0.31,-1.29,-0.92,-0.28,-0.3,0.09
LE:CCRF-CEM,0.71,0.28,1.24,-0.86,0.82,0.8,1.4,0.93,0.11,-0.43,-0.67,-0.05,-0.93,3.85,0.64,0.36,-0.32,-0.69,0.91,-0.84,-0.72,-0.09,4.08,-0.68,0.92,-1.13,0.61,-0.59,0.45,0.95,-0.43,2.08,0.89,0.35,0,1.15,-0.36,-0.7,1.52,0.5,2.9,-0.8,0.01,1.15,-1.22,1.14,0.34,-0.88,,1.85,0.85,-1.1,0.41,-0.99,-0.84,0.34,0.76,-0.26,-0.16,0.73,3.62,0.21,1.54,-0.45,5.15,-0.93,3.07,0.51,-0.51,-0.7,-1.28,-0.67,-0.8,0.15,-1.46,0.71,-0.13,0.04,-0.34,0.71,0.78,-0.39,-0.39,-1.04,0.44,0.49,-0.02,0.45,1.06,0.5,0.66,1.1,1.69,0.78,0.03,0.59,0.28,-1.41,-0.73,-0.89,1.61,-0.66,1.39,0.23,0.68,0.34,0.58,0.69,-0.86,0.51,0.93,-0.43,-0.37,-0.72,0.17,-1.45,-0.39,0.98,-0.89,-0.67,-0.75,-0.42,-1.52,0.91,1.01,0.77,-1.37,0.46,1.42,-0.09,-1.01,-0.39,-0.18,-0.24,-0.39,-0.8,0.51,0.59,-0.41,-0.19,0.59,1.65,0.45,2.56,-0.33,-1.29,-0.92,-1.22,2.32,0.57
LE:HL-60(TB),0.65,0.11,1.23,0.61,1.05,1.87,0.98,2.7,0.32,1.44,-0.68,-3.02,-0.29,0.07,0.15,0.61,0.1,1.36,-1.03,-0.69,-0.6,0.98,1.59,-0.62,0.57,1.26,0.61,-0.34,0.55,-0.75,0.7,1.33,0.73,-0.71,-0.78,0.59,1.66,0.77,0.89,0.64,0.76,-0.59,-0.01,1.14,-0.92,-0.54,-1.34,0.59,0.08,1.43,0.46,1.5,-0.39,-0.51,-1.3,1.87,0.86,-0.66,-0.01,0.75,-0.06,0.73,0.19,-0.1,-0.18,-0.68,-0.05,-0.51,-0.45,0.1,1.09,-1.34,-0.8,-0.25,-1.43,-0.28,-0.35,0.58,1.48,1.62,1.55,1.98,-0.23,-1.07,0.44,0.9,0.23,-0.05,0.8,0.95,0.63,0.38,0.13,0.44,0.56,0.44,0.03,0.88,-0.84,-0.92,1.53,-0.4,0.16,0.22,-0.83,-0.72,-0.57,1.41,-0.36,1.32,0.55,-1,0.65,-0.58,-0.39,1.98,-0.39,0.17,0.47,-1.48,0.35,-1,-1.98,1.17,0.83,-0.83,1.51,-1.78,-0.96,0.34,-0.4,-0.4,0,-0.88,-0.05,-0.97,-0.34,1.22,-0.3,-0.53,,1.52,0.66,3.31,1.4,,-0.17,-0.67,1.16,0.43
LE:K-562,0.23,0.28,0.4,-1.72,0.4,-0.4,-0.02,-0.73,0.5,0.97,-0.67,-0.47,-3.35,0.4,-0.39,0.51,-0.15,0.39,-0.11,-0.9,-0.29,0.62,0.75,-0.82,1.1,3.59,0.61,1.65,0.55,1.16,0.68,0.25,0.8,-0.73,-0.94,-0.19,-0.23,-0.7,-0.79,0.67,-0.59,-0.62,0.17,2.35,-1.18,-0.54,0.46,-0.3,1.67,-1,0.91,-0.42,0.14,-0.65,0.06,0.82,-0.85,-0.18,5.81,1.01,-0.57,0.89,-0.53,-0.39,-0.18,-2.31,-0.06,-0.49,-0.47,-0.78,0.12,0.91,-0.8,-0.59,-1,-1.3,-0.2,0.84,0.17,1.71,1.12,0.36,4.55,1.43,0.44,0.94,1.13,0.92,1.86,0.51,0.7,-0.64,0.95,1.53,0.26,0.25,0.82,1.72,-0.42,2.6,0.24,-0.1,-0.49,0.22,1.72,,-0.13,0.53,-1.4,-0.74,0.97,-0.74,-0.54,0.61,0.08,-1.17,-0.39,1.13,-0.57,1.66,-0.36,-0.34,-0.53,0.22,0.88,-2.04,-0.37,0.47,0.63,-0.8,-0.45,1.72,0.67,2.21,1.87,1.9,-0.34,0.96,1.16,-0.9,,0.85,0.46,-0.3,,0.19,,-0.61,-0.53,1.39
LE:MOLT-4,0.71,0.25,1.56,-0.15,0.45,0.78,1.17,0.56,0.18,-1.03,1.63,-0.41,0.09,0.95,0.38,0.31,-0.26,-0.67,0.91,-0.4,-0.58,-0.1,0.44,0.04,1.04,-0.45,0.61,0.27,0.27,0.7,-0.57,0.46,-0.11,0.97,1.03,0.26,-1.03,0.59,2.89,0.24,2.23,1.35,0.13,0.58,-1.22,0.67,0.49,-0.81,0.18,0.49,0.91,-1.1,0.13,-0.6,-0.48,1.34,0.75,-0.09,1.36,0.21,2.54,0.2,1.27,-0.37,-0.18,-0.07,-0.28,-0.29,-0.47,-0.33,-0.99,-0.12,-0.76,0.16,-1.01,-0.2,-0.05,0.69,-1.25,0.36,0.9,-1.14,-0.15,-0.94,0.44,0.53,0.38,0.97,0.9,0.83,0.6,1.14,1.3,0.73,0.31,0.63,0.38,-0.37,-0.68,0.09,0.51,0.68,0.44,0.19,-0.69,-0.53,1.1,0.36,-0.4,-0.22,1.01,-0.41,-0.58,0.27,0.07,-1.06,-0.39,0.61,-0.52,0.5,-0.54,-0.94,-0.58,0.93,1.24,0.38,-1.28,0.25,0.29,-0.7,-1.08,-0.3,0.38,-0.11,0.26,1.21,-0.34,0.96,-0.19,-0.09,6.17,1.14,0.09,1,-0.31,-1.29,-0.92,-1.34,2.4,0.03
LE:RPMI-8226,-0.66,0.38,0.66,-0.77,0.68,-0.21,-1.05,-0.56,0.39,1.27,-0.55,0.86,-0.39,-0.06,1.73,0.33,-0.16,-0.47,0.79,-0.49,-0.52,-0.54,0.66,-1.11,0.62,-0.73,-0.31,0.08,0.84,-1.55,1.09,2.79,1.39,-0.67,-0.99,-0.27,-0.14,0.91,-0.74,0.46,1.24,-0.48,0.23,-1,-1.26,-0.3,-0.6,-0.21,0.43,0.29,-0.36,-0.92,-1.42,-0.53,-0.29,1.2,-0.98,-0.05,0.67,0.76,-0.82,-0.3,1.42,-0.44,6.18,0.32,-0.13,2.4,-0.43,-0.58,-0.46,1.7,-0.8,-0.35,-1.55,1.05,0.23,,1.15,0.44,0.18,0.83,-0.13,-1.02,0.44,0.53,0.56,0.79,-0.67,0.9,0.38,0.61,0.92,0.68,0.98,-0.08,0.1,0.67,-0.98,1.88,1.4,0.38,-1.82,0.21,1.12,0.26,0.49,0.74,-1,-0.32,-0.54,0.17,-0.52,-0.57,-0.67,-0.73,-0.44,0.14,-0.5,-0.63,0,2.18,-1.17,1.01,-1.05,-0.74,-0.98,0.09,0.84,-0.32,-1.1,-0.44,0.1,-0.29,0.48,0.33,-0.34,0.6,0.01,-0.77,-0.36,1.05,0.01,1.06,2.8,1.66,1.95,-0.32,0.07,3.82
LE:SR,0.7,0.2,1.68,0.1,1.26,2.06,0.84,0.82,0.62,1.19,1.88,0.03,-0.68,1.46,-0.35,0.51,0.2,-0.63,0.9,3.37,-0.57,0.86,2.2,1.15,1.04,-0.51,0.61,0.55,0.49,0.94,-0.29,0.08,0.68,-0.67,-0.39,1.24,-0.02,-0.7,0.84,0.34,-0.6,1.68,0.15,0.69,0.65,1.07,1.93,-1.32,1.95,1.68,0.99,-0.87,1.04,-0.13,0.26,1.87,1.17,0.39,1.48,1.31,0.68,0.89,1.98,-0.48,-0.18,-0.94,1.56,0.09,-0.35,1.19,-0.6,-0.29,4.68,-0.4,-1.66,5.43,-0.19,,0.09,3.99,0.24,1.97,0.32,-0.88,0.44,0.41,0.05,1.37,-0.8,0.47,0.66,1.21,1.68,0.83,1.28,0.64,0,0.02,-0.09,1.68,1.63,0.16,1.6,0.23,-0.43,1.1,1.56,0.7,-0.31,2.62,1.2,-0.08,-0.59,,0.36,2.48,1.07,-0.83,-0.57,0.03,1.33,0.81,-1.04,1.12,1.27,,-1.15,0.32,1.57,4.63,1.64,0.09,0.23,-0.19,0.74,-1.33,0.91,1.26,-0.06,1.01,,1.84,0.62,1.32,-0.31,,-0.92,0.27,1.13,0.21
ME:LOX IMVI,0.71,0.46,0.81,-0.18,0.24,0.39,0.96,0.38,0.63,0.95,1.48,0,-0.22,0.26,0.41,0.47,0.03,1.33,0.91,0.7,-0.41,0.17,0.63,1,1.03,0.05,0.61,0.04,0.47,1.12,1.14,-0.24,-1.65,-0.5,-0.97,1.55,0.13,-0.54,0.07,0.19,-0.11,1.58,0.33,0.66,-0.38,-0.1,1.17,1.04,0.27,-0.11,0.31,0.59,0.76,0.15,-0.1,-0.06,0.65,-0.28,0.26,0.02,-0.19,0.24,0.34,0,-0.18,0.3,1,0.23,-0.25,0.24,0.88,-0.7,-0.26,-0.61,0.24,-0.22,-0.13,-0.46,0,-0.1,0.98,-0.42,1.14,1.22,0.44,-0.3,-0.53,1.05,1.42,-0.26,0.67,0.76,1.38,1.48,0.65,0.65,0.61,1.54,0.48,-0.92,0.84,-0.57,2.27,0.23,-0.77,0,-0.19,0.02,-0.02,1.07,0,-0.52,0.32,0.37,1.66,0.41,0.05,0.96,0.92,0.43,1.23,-0.68,0.71,0.71,1,-0.13,1.11,0.33,0.96,0.38,0.39,0.01,0.78,0.45,1.01,0.6,-0.34,-0.32,0.41,1.19,0.38,1.84,0.16,-0.11,-0.31,0.22,0.74,1.39,0.03,-0.1
ME:MALME-3M,-0.2,0.57,0.34,1.25,-0.14,-0.51,0.94,0.81,0.71,-1.62,2.01,1.08,1.31,0.36,1.2,0.51,1.14,2.11,0.88,1.07,-0.47,-0.32,0.44,0.61,-0.9,1.22,-2.66,0.48,0.13,-1.35,-0.5,-0.02,-0.84,0.93,0.74,-1.14,-0.42,0.04,-0.77,0.24,-0.45,1.01,0.26,-0.48,0.58,-0.54,0.45,1.95,0.2,0.33,-1.24,1.7,-0.23,0.79,-0.8,0.09,-0.16,-0.44,-0.07,-0.9,0.22,0.01,-0.63,-0.52,-0.18,1.75,-1.4,-0.2,-0.6,-0.61,1.31,0.88,0.2,1.86,-0.4,-0.08,-0.33,0.81,-0.61,0.89,-1.87,0.49,2.24,-0.93,-2.47,-0.58,-0.52,0.49,-0.8,0.12,-0.73,-0.16,-0.01,0.23,-0.19,-1.35,0.29,0.04,3,-0.18,-0.53,-0.46,0.12,0.22,-0.85,-0.79,-0.61,1.78,0.57,-0.13,-1.14,-0.56,2.54,-0.46,-0.99,1.62,-0.39,-0.41,2.94,-0.25,1.26,0.04,-1.01,-0.09,-1.27,0.64,1.51,0.26,-0.83,-1.12,-0.85,0.16,-0.1,0.36,0.06,-0.18,-0.34,-0.01,-0.1,-0.9,0.56,-0.35,0.26,-0.53,-0.31,-0.8,0.43,-1.3,-1.4,-0.16
ME:M14,0.71,-0.09,-0.59,-1.14,-0.32,0.11,0.97,-0.07,0.89,-0.51,-0.52,0.07,0.58,-0.29,-0.09,0.2,0.03,1.83,-1.3,0.67,-0.49,0.56,0.06,-0.03,-0.43,0.77,0.61,0.7,0.31,0.87,0.18,0.11,-0.91,-0.51,-0.46,0.78,-0.18,0.4,-1.38,0.58,-0.36,-0.29,0.14,0.5,-1.04,-0.54,0.89,1.45,-0.08,0.6,0.97,1.45,1.64,0.16,0.1,-0.96,0.33,-0.7,-0.21,0.12,1.12,0.74,-0.16,-0.61,-0.18,-0.27,-0.21,-0.14,-0.34,0.02,1.31,-0.55,-0.38,-0.36,0.09,-0.21,-0.25,-0.46,-0.39,0.31,0.46,-1.03,1.73,-0.85,0.44,0.69,-0.81,-0.78,1.29,-0.12,0.58,0.89,0.63,1.12,-0.35,0.63,,0.09,2.25,-0.92,-0.25,-0.81,0.35,0.21,1.72,1.52,-0.46,-0.67,-0.39,-0.54,2.28,-0.17,2.1,-0.1,-0.59,0.08,-0.39,-0.45,1.51,-0.53,0.02,0,-0.47,0.6,-0.17,-0.2,1.52,0.13,-0.74,-0.28,-0.01,-0.08,-0.16,0.12,-0.18,-0.72,-0.34,-0.12,0.36,0.88,0.58,-0.06,0.52,0.28,-0.31,0.51,0.46,-0.12,-0.3,-3.43
ME:SK-MEL-2,-0.26,0.69,-0.9,-0.59,-0.44,-0.5,-1.04,-0.86,-0.05,-1.68,-0.65,0.05,-0.34,-0.11,0.22,0.39,0.11,1.25,0.86,-0.09,-0.54,0.45,0.37,-1.04,-1.47,-0.55,-1.83,-0.03,-0.07,-1.54,1.01,0.77,-0.58,-0.63,-0.72,-0.18,-0.64,0.19,-0.76,0.25,-0.35,-0.56,0.35,-1.38,0.73,-0.54,-0.77,1.12,-0.81,-0.67,0.88,1.67,-1.24,0.06,-1,-0.2,-0.67,-0.15,-0.33,0.56,-0.75,-3.2,-0.63,-0.63,-0.18,-0.04,-0.36,-0.3,-0.41,1.24,1.21,-0.78,-0.6,0.59,0.23,-0.83,-0.22,1.04,-0.15,-0.94,-0.04,-0.79,0.36,-0.56,0.44,0.28,-0.94,0.46,-0.8,0.94,-1.93,-1.69,0.14,-0.15,-1.76,-1.88,-0.16,-0.1,0.01,-0.23,-0.61,-0.8,-1.16,0.1,-0.66,-0.82,-0.61,-0.67,-0.86,0.45,0.68,-0.68,1.55,-0.58,-0.39,0.56,-0.39,-1.21,1.13,-0.85,1.1,-0.6,-1.13,-1.62,0.54,0.45,1.51,-0.02,-1.19,-0.14,-0.34,-0.78,0.57,-1.28,-0.1,-0.65,-0.34,-0.28,0.06,-0.9,-0.68,-0.99,0.05,-0.96,-0.28,-0.03,-0.92,0.88,0.28,0.21
ME:SK-MEL-28,-1.49,0.41,-0.94,-0.21,-0.19,-1.29,0,-0.57,-0.49,-0.12,-0.58,1.08,0.2,-0.08,0.95,-0.06,0.12,1.82,-0.65,-0.05,-0.52,-1.19,-0.4,-1.15,-0.83,-0.05,0.57,-0.85,-0.02,-1.03,-0.74,-0.03,0.45,-0.4,-0.28,-1.48,-0.46,-0.7,-1.46,-0.05,-0.32,-0.66,0.29,-1.53,-0.05,-0.54,-0.64,1.53,-0.58,-1.05,-2.21,1.36,-0.35,-0.93,-0.41,-0.62,-0.7,0.64,0.03,-0.6,-0.52,0.02,-0.63,-0.65,-0.18,-0.39,-0.6,-0.13,-0.33,-0.53,1.31,-0.56,-0.38,0.17,-0.04,-0.45,-0.18,-0.41,-0.45,-0.69,-2.33,-0.28,1.26,-1.11,-2.11,-2.61,-0.69,0.31,-0.8,-0.14,-0.83,-1.69,-1.59,-2.35,-0.25,-0.42,0.38,0.06,2.24,-0.31,0.14,-0.42,-0.1,0.22,-0.83,-0.82,-0.61,-0.63,-0.09,0.29,-0.86,-0.33,2.01,-0.96,-0.77,-1.01,-0.39,-0.71,1.53,-1.08,1.33,-0.35,-1.45,-0.98,-1.26,-0.77,1.5,-0.12,-1.11,-1.16,-0.66,-0.32,-1.04,0.11,-0.05,-0.8,-0.34,-0.32,-0.36,-0.9,-0.68,-0.47,-0.27,-1.01,-0.31,-1.29,0.1,-0.54,0.21,-0.02
ME:SK-MEL-5,0.52,0.47,0.24,-0.7,0.4,-0.09,-0.02,-0.53,0.51,-0.1,0.65,0.68,-0.19,-0.23,0.07,0.66,0.42,-0.04,-0.22,-1,-0.47,0.22,0.99,0.32,-0.08,-0.47,0.48,-0.05,0.38,0.61,-0.68,0.66,1.64,-0.49,-0.59,-0.14,-0.33,1.64,1.12,0.29,-0.22,1.32,0.25,1.15,-0.86,0.96,-1.02,-0.49,0.36,-0.99,0.24,0.57,-1.15,-0.53,-0.13,-1.47,0.47,-0.22,0.25,-0.53,-0.29,-0.36,1.74,-0.45,-0.18,-0.06,-1.04,-0.24,-0.78,0.19,0.88,-0.47,-0.62,-0.32,0.5,0.28,-0.01,1.78,1.37,-0.02,-0.48,0.69,0.09,-0.99,0.44,0.21,0.18,0.42,-0.8,1.42,0.32,0.44,-0.86,-0.37,0.27,0.62,0.53,-1.02,0.8,-0.01,0.59,-0.39,0.46,0.22,0.16,-0.56,0.7,-0.67,-0.59,0.62,-0.18,1.43,-0.26,,0.19,-1.12,-0.39,0.55,0.2,-0.42,-0.24,0.03,-0.51,-0.26,-0.48,-1.75,-0.55,0.2,0.18,-0.63,-0.25,-0.4,1.39,-0.56,-0.03,2.99,-0.34,0.53,0.1,0.72,0.31,-0.55,0.47,0.28,-0.31,1,0.94,0.07,-0.66,0.42
ME:UACC-257,-0.75,0.42,-0.65,-0.98,-1.21,-0.34,-0.78,-0.09,0.29,0.49,1.63,0.36,0.14,0.14,0.79,0.31,0.07,1.57,-1.27,-0.68,-0.5,-1.05,-0.95,-0.93,-1.04,-0.22,-0.79,-0.46,-0.44,-0.19,-0.93,-0.63,-1.35,-0.44,-0.31,-1.78,0.18,0.63,-1.02,0.3,-0.25,0.3,0.09,-0.16,-0.51,-0.54,-0.72,1.49,-0.64,-1.25,-0.65,1.44,-1.2,-1.36,-0.11,-1.11,-0.43,-0.55,0.02,-0.88,-0.67,-0.2,-0.54,-0.52,-0.18,-0.38,-0.78,-0.48,-0.8,-1.14,1.31,-0.51,0.01,0.51,-0.41,-0.67,-0.42,0.56,0.05,-0.45,-0.69,0.27,0.82,-1.04,0.48,-2.74,1.24,-0.2,-0.8,0.22,-0.38,-1.31,-0.41,-0.43,-0.81,-0.18,0.53,-1.41,2.14,-0.92,1.05,2.06,0.06,0.15,-0.98,-0.82,-0.4,-0.01,-0.16,-0.7,-1.03,-0.5,1.82,-0.82,-0.71,-0.79,-0.39,-0.68,1.52,-0.3,1.04,-0.09,-1.51,-1.16,-1.27,-1.04,1.51,0.28,-1.5,-1.16,-0.49,-0.58,-0.19,0.13,0.63,0.69,-0.34,-0.77,-0.16,-0.9,-0.68,-0.48,,-0.92,-0.31,-0.94,-0.92,-1.11,-0.28,-0.31
ME:UACC-62,0.71,0.15,0.11,1.42,0.48,1.67,0.5,1.38,0.4,0.94,1.71,1.18,0.46,-0.46,0.35,0.61,0.03,1.66,0.05,0.22,-0.49,0.18,0.14,0.52,0.82,0.22,-0.09,0.68,0.31,0.92,0.56,0.52,0.97,-0.49,-0.22,0.38,-0.03,-0.02,-0.23,0.3,-0.13,1.28,0.38,0.61,0.41,0.61,-0.54,1.64,-0.92,-0.58,0.41,1.44,-0.56,0.07,0,-0.82,1.16,-0.32,-0.22,-0.5,-0.3,0.02,-0.6,-0.26,-0.18,-0.81,-0.37,0.06,-0.37,0.73,1.31,-0.43,0.11,0.89,0.08,-1.03,0.8,0.54,1,0.56,0.44,-0.57,1.05,-0.83,0.4,0.33,,0.67,-0.09,1.27,0.62,0.95,0.61,0.56,0.18,0.63,0.42,-0.21,2.56,0.22,-0.54,0.22,-0.1,0.22,-0.92,-0.73,-0.31,0.43,1.74,0.71,-0.95,-0.07,2.07,-0.5,-0.32,-0.8,-0.39,-0.35,2.06,0.53,1.33,-0.58,-0.72,0.08,-0.74,0.23,1.51,-0.23,0.09,-0.22,0.5,0.24,0.16,-0.26,-0.14,-0.41,-0.34,-0.1,-0.86,0.93,-0.01,1.87,0.24,0.85,-0.31,-0.18,0.02,1.09,-0.12,0.32
ME:MDA-MB-435,0.12,0.48,-0.73,-0.64,1.44,0.46,0.11,-0.56,0.71,0.53,-0.57,0.22,-0.27,0.04,0.89,0.48,-0.19,1.29,-0.92,0.25,-0.49,1.2,-0.24,-1,0.41,0.13,0.61,0.65,0.97,0.94,0.04,-0.34,-0.98,-0.48,-0.42,-0.18,0.38,-0.48,-0.2,0.46,-0.26,-0.48,0.05,0.42,-0.88,-0.54,-0.69,0.91,-0.2,-0.9,0.9,1.19,0.05,-0.61,-0.74,0.22,-0.73,-0.09,-0.12,2.13,0.01,0.18,-0.63,-0.48,-0.17,-0.17,-0.8,-0.07,-0.64,-0.66,1.31,-0.52,-0.38,0.57,-0.42,-0.1,-0.24,0.54,0.75,1.91,-0.17,-0.83,0.68,-0.95,0.44,0.72,-0.46,0.21,-0.8,-0.09,0.64,-0.08,0.38,0.72,0.39,-0.13,0.54,-1.02,1.57,1.41,0.75,-0.54,-0.66,0.17,1.21,1.52,-0.58,-0.67,-0.41,-0.24,0.91,-0.17,0.41,-0.34,-0.63,0.37,-0.39,-0.28,0.98,-0.62,0.76,-0.1,-1.29,-0.2,-1.27,-1.2,1.22,-0.17,-1.5,0.15,-0.32,-0.03,0.14,0.19,0.1,0.49,-0.34,-0.19,0.21,-0.69,-0.68,-0.23,0.9,-0.69,-0.31,-1.29,-0.92,-0.89,-0.38,0
ME:MDA-N,-0.99,0.48,-0.6,-0.8,1.5,0.35,-0.08,-0.83,0.71,,,,,,,0.48,,,-1.09,,,,0.55,-0.91,0.32,,,,1.21,0.94,0,,,,,,,,-0.46,0.46,,,0.11,0.59,,,,,,-0.73,,,,,,,-0.71,0.63,,,-0.28,,,-0.56,-0.18,,,,,,,,,,-0.39,,,,,,-0.43,,,,,,-0.37,0.26,,,0.68,-0.48,0.27,0.57,0.44,0.06,,,,,,,,0.23,,,,,,,,,,,,,,,,,,,,-0.06,,,,,,,,,,,,,,,,,,-0.23,,-0.69,,,,,-0.27,0.05
LC:A549/ATCC,-0.13,0.35,0.35,0.77,0,0.67,1.13,-0.37,0.89,0.03,1.51,-0.9,-0.4,-0.23,-0.46,-0.06,-0.91,-0.88,-0.07,-0.39,-0.37,-0.85,-1.37,0.32,0.73,-0.62,0.55,-0.67,0.3,0.24,0,-0.56,-1.22,-0.64,-0.48,-0.08,0.14,0.12,0.28,0.35,-0.31,1.13,0.07,1.57,-0.38,-0.49,-0.42,-0.1,0.04,-0.57,-0.04,-0.24,-0.19,-0.14,-0.55,-0.65,0.98,-0.21,-0.54,0.23,-0.07,-0.06,-0.63,-0.6,-0.18,-0.63,1.16,-0.22,-0.56,-0.57,0.09,-0.11,0,-0.47,-0.42,-0.01,-0.09,-0.7,-0.52,-0.31,0.39,0.3,-0.73,0.74,0.44,0.39,0.81,0.02,0.87,0.01,0.6,-0.24,-0.93,-1.08,1.21,0.66,-0.51,2.38,-0.44,-0.92,-0.59,-0.56,-0.68,0.22,-0.42,-0.06,-0.55,-0.5,-0.31,-1.16,-0.75,-0.41,-0.76,-0.28,-0.33,0.43,-0.39,-0.1,-0.57,-1,-0.56,-0.49,-0.03,0.45,-0.12,-0.47,-0.1,-0.3,1.2,-0.09,-0.37,-0.29,-0.39,-0.2,-0.28,-0.81,-0.34,0.54,-0.01,1.15,-0.68,-0.56,0.17,0.26,-0.09,-0.64,-0.83,-0.76,0.32,0.5
LC:EKVX,-2.19,-0.97,-1.46,1.03,-0.51,-0.62,-0.63,-0.34,-0.13,-0.77,-0.42,0.13,-0.45,-1.22,-0.81,-1.67,-0.51,-0.53,0.91,1.57,2.49,-1.22,0.12,-1.16,-0.94,-0.25,-0.86,-0.81,-1.12,-1.31,-3.07,1.53,0.4,-0.74,-0.01,-0.76,0.8,0.21,0.07,0.12,-0.13,-0.47,-0.07,0.21,-0.45,-0.54,-1.08,0.78,-0.58,-0.58,-0.56,0.49,-1.02,1.99,2.72,-0.74,-1.43,-0.61,-0.57,,-0.75,,-0.63,0.17,-0.17,0.47,,-0.25,2.38,-0.33,,0.7,0.3,0,1.93,-0.15,-0.17,0.74,-0.64,-0.74,-0.81,-0.24,-0.92,-0.4,,0.47,-0.4,-1.49,-0.8,-0.04,-1.47,-1.44,-0.42,-2.41,-1.7,-2.34,,-1.41,-0.81,1.32,-0.5,-0.51,-0.26,-0.2,-0.78,-0.72,-0.34,0.81,-0.03,-0.61,-0.77,1.02,-0.55,-1.13,,,-0.35,-1,-0.48,-1.48,-0.16,,0.74,-2.33,-1.2,0.72,0.44,2.21,-1.5,0.83,-1.03,-0.85,-0.97,-1.52,-1.21,0.52,1.67,-0.41,0.25,-0.94,-0.68,-1,-1.25,-0.96,-0.31,1.51,-0.64,-0.09,0.75,-0.07
LC:HOP-62,0.71,0.42,0.68,-0.79,-0.38,1.24,0.96,-0.43,-0.47,0.6,-0.64,-0.45,-0.25,-0.12,-0.15,0.22,-1.01,0.05,0.9,0.74,-0.39,-0.09,-0.15,1.28,0.29,-0.18,0.61,-1.09,-0.11,0.03,0.51,0.04,-2.11,-0.72,-0.11,0.13,0.29,-0.7,0.15,0.25,-0.31,-0.53,0.24,-0.22,2.01,0.91,-0.02,0.26,-0.89,-0.1,0.27,0.28,0.9,-0.27,-0.88,-0.63,1.36,-0.77,-0.35,-0.67,1.62,-0.14,-0.63,-0.62,-0.18,-0.33,0.83,-0.23,-0.77,0.23,0.04,-0.88,0.09,-0.46,-0.65,0.6,-0.32,-0.87,0.59,-0.42,-1.06,-0.89,-0.62,1.13,0.44,0.28,-0.47,-0.24,0.82,-1.17,0.52,0.26,0.39,0.62,0.35,0.62,-0.57,0.95,-0.47,0.35,-0.68,0.31,0,0.21,-0.71,-0.81,0.37,-0.67,-0.96,-0.93,-0.69,-1.02,-0.78,-0.14,-0.63,0.05,-0.39,-0.03,-0.43,-0.31,-0.11,-0.16,0.2,0.46,-0.01,0.34,0.45,-1.61,-1.5,-0.08,0,-0.6,-0.63,0.45,0.03,-0.41,-0.34,-1.59,-1.06,-0.1,0.13,-0.81,0.02,-0.24,-0.05,0.25,0.39,-0.83,0.67,-3.42
LC:HOP-92,0.6,-0.07,0.18,-0.23,-0.17,-0.47,-0.31,-0.22,-0.17,1.73,-0.47,1.08,2.55,0.19,0.22,-0.07,1.1,0.62,0.12,1.89,0.11,-0.22,-0.07,1.27,-1.24,2.51,0.31,2.63,-1.37,-1.4,-1.08,3.23,2.12,1.75,1.51,1.03,2.74,2.78,-0.11,-0.79,3.22,-0.11,0.14,-0.61,1.12,0.56,1.08,0.85,-0.44,0.54,-0.23,0.98,0.59,0.32,1.58,0.77,-1.19,-0.07,0.24,0.19,1.05,-0.24,-0.33,-0.11,-0.18,2.34,0.91,6.16,0.42,0.88,1.24,1.5,1.46,2.29,0.04,1.47,-0.29,-0.07,3.05,-1.28,-1.17,0.19,-0.13,0.6,-1.54,-1.62,-0.97,-0.61,-0.8,2.7,-1.39,0.94,0.46,0.39,-1.08,0.25,0.43,0.84,0.23,0.87,0.54,-0.49,0.22,-0.34,-0.69,-0.49,4.31,-0.67,1.28,1.69,-1.79,0.56,0.77,0.17,-0.61,2.11,-0.39,0.23,2.57,1.26,1.33,1.66,1.03,0.06,1.78,1.95,1.1,-0.98,0.12,2.52,0.64,3.58,1.08,0.9,1.65,-0.05,5.26,0.44,-1.99,-0.46,0.3,0,-1.52,-0.33,-0.31,2.34,1,3.24,-0.23,
LC:NCI-H226,0.71,0.31,0.56,0.11,0.66,-0.29,-0.8,-0.63,-0.58,-1.98,2.03,0.25,-0.08,-0.36,0.76,-0.1,-1.06,-0.7,0.15,-0.31,-0.58,0.62,-0.75,0.83,-1.18,-0.24,-2.85,-0.42,-0.91,-1.54,0.16,-0.3,0.06,-1.46,-0.74,-0.54,1.03,-0.44,-0.58,0.27,-0.25,2.47,0.28,-1.17,0.67,-0.31,0.66,-0.85,-1.11,-0.36,-2.09,-0.36,0.75,-0.95,-0.85,0.09,-0.07,-0.63,-0.28,-1.25,-0.75,0.39,-0.63,-0.51,0.01,-0.24,1.08,-0.31,-0.48,-0.39,-0.67,-0.64,-0.28,-1.13,0.21,-0.32,-0.48,0.04,0.09,-0.73,0.06,-0.95,-0.95,0.17,-2.81,-2.9,1.75,0.09,-0.8,-0.01,-1.56,-0.51,-0.96,-1.5,-1.45,-1,-0.54,-0.53,-0.74,-0.51,-0.78,2.44,0.44,0.21,-0.88,-0.82,0.18,-0.67,-0.53,-0.32,-0.86,-0.5,-0.75,-0.12,0.04,0.17,-0.39,-0.37,-0.53,0.26,-0.59,-0.29,1.66,-0.53,-1.27,0.42,-0.03,-1.85,-0.43,1.02,2.95,0.35,2.07,-0.51,-0.03,1.07,-0.34,0.26,-1.03,-0.9,,-0.52,-1.37,-0.12,-0.31,-0.48,-0.29,0.02,0,
LC:NCI-H23,0.71,0.22,0.25,-1.04,0.31,0.6,0.97,0.92,0.71,0.09,-0.63,-0.16,-0.24,-0.17,-0.1,0.31,-0.2,0.59,-0.75,-1.07,-0.6,-1.18,-0.57,0.37,-1.19,-0.23,0.61,-0.56,0.25,0.55,-1.07,-0.84,0.8,-1.47,-1.1,0.73,0.26,0.89,-0.7,0.3,-0.32,-0.59,0.11,0.45,0.07,0.6,-0.15,0.9,0,-1.15,0.84,0.77,0.3,-0.7,-0.91,-0.02,1.18,-0.66,0.02,-0.23,0.85,-0.56,-0.63,0.97,-0.18,-0.71,-0.28,-0.37,-0.39,-0.09,0.72,-0.82,-0.49,-0.57,-0.75,-0.86,-0.03,0.58,-0.7,-0.48,-0.04,0.66,-0.2,-0.91,0.4,0.26,-0.78,-0.02,-0.8,-0.23,0.52,1.41,0.11,0.18,0.37,0.6,-2.04,-0.51,-0.88,1.06,-0.91,-0.61,-0.57,0.22,-0.9,-0.82,0.38,-0.19,-1.34,0.01,0.46,-0.71,0.23,-0.52,-0.72,-0.71,-0.39,-1.08,-0.24,0.57,0.92,-0.72,-0.34,0.52,0.96,0.47,0.9,-0.47,-0.16,-0.02,-0.13,-0.02,0.12,-0.87,-0.22,1.4,-0.34,-1.01,-0.06,-0.4,0.14,-0.65,0.18,-0.16,-0.31,-0.47,-0.68,0.24,-0.16,0.05
LC:NCI-H322M,-0.39,0.17,-1.09,0.93,0.34,-1.51,-1.33,-0.83,-1.09,0.14,-0.82,-0.31,-0.54,-0.57,-3.49,0.2,-0.42,-0.44,-1.47,-0.58,3.11,-1.24,-1.3,-1.08,-0.84,-0.53,-0.5,0.16,0.15,-0.13,0.45,-1.65,-0.33,-0.72,-0.94,0.88,-0.61,-0.7,-0.2,0.15,-0.38,-0.51,0.25,-1.55,-1.19,-0.54,-0.95,0.3,-2.44,-0.86,0.54,0.68,-1.36,2.19,2.52,-0.47,-0.31,-0.8,-0.41,0.41,-0.75,-0.24,-0.73,1.32,-0.18,-0.41,-1.16,0.03,2.98,0.14,0.78,0.24,-0.15,-0.82,1.01,-0.69,-0.41,-1.1,0.07,-0.75,-0.97,-1.4,-0.66,0.72,0.44,-0.1,-0.44,-0.05,-0.8,-1.5,-0.36,-0.72,-1.6,-0.31,-0.26,-0.04,-0.23,1.23,-0.22,-0.92,-0.72,2.63,2.34,-0.06,-0.95,-0.82,-0.61,1.36,0.13,-0.6,-0.12,-0.59,-0.09,-0.14,-0.69,0.47,0.16,-0.89,-0.52,-1.08,-0.48,-0.42,,-1.65,0.49,-1.13,0.06,1.54,-0.53,0.2,-0.63,-0.67,-2.08,-0.66,-1.32,,-0.12,-1.59,1.59,-0.9,-0.43,-1.12,,-1.06,-0.08,-1.29,-0.42,0.45,0.03,-0.1
LC:NCI-H460,0.71,0.21,1.56,0.59,0.09,2.68,1.2,1.41,0.71,-0.37,1.61,0.41,0.39,2.76,-0.77,0.36,-0.43,-0.39,-0.08,-0.46,-0.62,0.35,-1.29,1.4,0.96,-0.52,0.61,-0.22,0.53,0.95,1.97,-0.54,0.74,0.54,0.12,1.38,0.29,0.51,1.28,0.35,-0.39,1.65,0.31,1.03,-0.22,1.3,1.26,-0.56,0.45,1.16,-0.08,-1.1,0.26,0.12,-0.31,0.52,2.59,-0.51,-0.07,0.57,-0.54,0.76,2.42,-0.62,-0.18,0.52,1.22,-0.03,-0.85,-0.42,-0.81,-0.03,-0.05,0.31,-0.23,-0.09,-0.06,-0.47,-0.77,-0.36,0.97,0.03,0.27,-1.09,0.44,0.73,1.64,0.98,1.12,-0.26,0.68,-0.07,0.49,-0.11,1.55,0.67,-0.09,-0.01,-0.14,-0.92,0.12,-0.33,-0.47,0.2,0.52,0.68,1.91,-0.67,-0.52,-0.33,-0.21,0.95,-0.79,-0.26,0.24,0.48,-0.39,1.45,-0.43,-1.48,0.87,-0.75,-0.91,0.72,0.28,-0.29,-0.69,-0.13,1.45,-0.24,-0.09,-0.22,0.16,-0.02,-0.39,-0.66,-0.34,-0.03,-0.34,1.19,0,0.15,0.52,0.41,-0.31,0.2,-0.92,-0.35,0.16,0.25
LC:NCI-H522,0.48,0.6,0.34,-0.98,1.07,-0.05,0.04,1.02,0.01,1.06,-0.66,0.34,-0.05,0.39,0.74,0.69,0.42,-0.54,-0.82,-0.86,2.21,0.64,2.18,0.35,-0.54,-0.66,0.61,0.48,0.59,-0.79,0.35,0.08,0.96,-0.57,-1.48,-1.21,-1.29,0.17,-0.4,0.56,-0.4,-0.67,0.28,-0.37,0.68,-0.18,-0.79,-0.6,-0.64,0.75,-0.39,-0.96,-0.57,1.19,0.79,-0.14,-0.02,2.76,-0.03,1.1,0.22,0.2,-0.63,-0.49,-0.18,0.48,-0.24,0.22,1.02,-0.22,-0.98,-0.23,-0.45,-0.68,1.89,0.2,-0.23,1.01,0.52,0.03,0.85,1.41,-0.04,0.6,0.48,1,-0.14,1.03,-0.27,0.73,0.01,-0.25,0.32,0.65,-0.15,0.39,0.09,0.39,-0.34,0.77,-0.73,-0.57,-0.42,0.22,1.38,1.52,0.12,5.1,-0.69,0.23,-0.8,1.38,-0.28,-0.64,-0.58,0,-0.39,-0.24,-0.19,-0.06,0.54,-0.28,-0.23,0.48,-0.9,-0.53,-1.01,1.12,0.29,0.86,-0.03,-0.4,-0.52,0.27,-0.23,-0.45,-0.34,0.83,1.6,-0.9,-0.68,1.29,0.68,-0.01,0.5,-0.1,-0.92,0.82,0.2,
OV:IGROV1,-0.82,0.17,-0.01,0.98,0.18,-0.55,-0.78,0.29,0.51,-0.41,-0.22,1.08,1.3,-0.45,-0.91,0.01,-0.59,-0.11,0.91,-0.84,1.76,0.03,0,-0.2,0.6,0.37,-0.49,-0.07,0.37,0.4,-0.06,-0.41,-0.92,2.22,1.86,-0.35,-0.88,-0.7,0.03,0.14,-0.6,-0.21,0.07,0.02,0.1,0.73,0.28,0.72,-0.91,1.04,-0.06,-0.12,0.34,1.68,0.79,-0.96,-1.09,3.71,-0.26,-0.86,-0.75,-0.09,-0.63,-0.47,-0.18,1.43,-0.6,0.34,0.01,0.54,0.69,1.46,-0.05,-0.15,0.56,-0.72,-0.37,-0.23,-0.09,-0.66,0.68,-1.52,-0.39,1.28,-2.36,-1.29,2.06,-0.03,-0.8,-0.07,0.32,-1.63,-1.21,-0.42,0.23,-1.06,-2.52,-0.43,-0.04,-0.92,-0.7,1.67,-0.33,0.22,-0.52,-0.63,-0.17,-0.67,0.46,0.15,-0.83,-0.59,-0.54,0.26,-0.81,0.01,1.74,-0.02,-0.06,0.19,0.82,-0.9,1.34,0.4,0.83,0.63,-0.05,1.15,0.86,0.31,-0.24,-0.02,-1.08,0.91,-1.39,-0.57,-0.1,-0.83,2.62,-0.9,-0.64,-0.37,-0.44,-0.63,-0.28,-1.17,-0.23,0.13,-1.55,0.32
OV:OVCAR-3,-0.61,-0.25,-0.59,0.11,1.14,-0.33,-0.81,0.48,0.38,-0.25,-0.45,0.32,-0.25,0.14,1.03,0.68,-0.45,-1.09,-1.2,-1.34,-0.35,0.38,0.96,-0.55,-0.71,-0.63,0.61,-0.62,0.51,-0.78,-0.33,-0.38,0.06,0.5,-1.16,-0.31,-0.68,-0.37,-1.28,0.18,-0.25,-0.26,0.06,-0.64,-0.73,-0.47,-0.76,-1.14,-0.29,-0.89,0.63,-1.1,-0.75,0.43,-0.33,0.74,-1.15,-0.62,-0.71,0.29,-0.75,-0.12,-0.63,2.49,-0.18,0.08,-0.67,0.13,-0.27,0.03,-1.27,-0.24,-0.73,-0.07,-0.13,-0.27,-0.24,-0.11,-0.02,1.41,-0.34,1.93,-0.27,0.21,0.44,0.66,1.03,-0.4,-0.8,0.07,-0.11,-0.34,0.36,1.01,-0.07,0.15,-0.06,0.61,-0.71,-0.62,-0.55,0.6,0.22,0.21,0.05,-0.64,-0.36,0.69,0.19,0.8,0.66,-0.04,-0.78,-0.32,-0.52,-0.89,-0.39,-0.78,-0.49,-0.64,0.33,-0.64,-0.49,0.08,0.12,-0.44,-0.85,0.16,0.88,-0.34,-1.06,-0.73,-0.96,-1.14,-0.7,-0.55,-0.34,-0.05,-0.14,-0.9,0.55,-0.59,0.66,-0.61,-0.31,-0.72,-0.01,-0.96,-1.09,-0.02
OV:OVCAR-4,-1.1,-1.24,-1.13,-0.74,-0.29,-0.4,-2.07,0.42,-1.51,0.47,-0.14,0.63,0.03,-0.18,-0.79,-2.3,1.15,-0.55,0.92,-0.24,-0.55,-0.01,0.55,-0.53,-0.48,-0.66,-1.21,-0.02,-2.16,-0.89,-0.17,-0.74,-1.26,-1.29,-1.13,0.4,-1.3,0.76,-1.06,-2.78,-0.19,-0.3,0.08,-0.85,1.04,0.52,-0.5,-0.7,0.05,-0.55,0.46,-0.34,-0.99,-0.02,-0.54,1.42,-1.21,-0.11,-0.16,-0.98,-0.75,-4.07,-0.63,2.7,-0.18,0.09,0.7,-0.76,-0.63,-0.13,-0.2,-0.83,-0.8,-0.58,0.04,0.92,-0.3,0.77,0,-0.79,-0.73,-0.43,-0.7,-1.15,-2.25,-1.16,0.56,-0.96,-0.8,1.07,-1.79,-1.42,-0.11,-0.1,-0.68,-1.53,0.75,0.93,-0.43,-0.78,-0.38,-0.75,2.4,0.13,-0.48,-0.72,0.48,2,-0.5,-0.58,-0.27,0.93,-0.73,0.54,0.53,0.47,-0.39,-1.1,-0.64,0.25,-1.45,-0.42,-0.1,-1.46,0.39,-0.8,-0.65,-0.46,-0.24,0.25,-0.17,-0.31,0.58,-0.33,0.04,1.41,-0.34,0.94,-0.33,-0.9,-0.68,-0.45,-0.67,-0.96,-0.31,-0.62,-0.92,-0.68,-3.01,0.87
OV:OVCAR-5,-1.18,0.47,-0.75,-0.21,-0.06,-0.92,-0.28,-0.7,-0.33,-2.08,-0.85,-0.27,0.18,-0.7,-0.66,-2.25,-0.46,1,-1.05,1.4,-0.33,-1.31,-0.67,-0.24,-1.26,-0.12,0.61,-1.3,-0.1,0.21,-1.57,-0.89,-1.78,-0.57,-0.61,-0.54,0.41,-0.7,-1.02,-3.51,-0.44,-0.68,0.07,-1.44,-0.54,-0.54,-1.12,1.13,-0.82,0.92,-0.03,1.46,-0.09,0.21,-0.62,-0.45,-0.54,-0.63,1.16,-0.17,-0.75,0.23,-0.63,0.18,-0.18,-0.06,-0.08,-0.05,0.09,0.31,0.9,-0.77,0.96,-0.48,-0.43,-0.13,-0.64,-1.63,-1.28,-1.86,-0.16,-1.59,-0.19,1,0.44,0.28,1.26,-0.91,-0.8,-1.63,-0.36,-1.07,0.46,-0.27,-1.04,-2.18,-0.73,-1.41,-0.95,-0.92,-1.02,2.24,-1.38,-0.08,0.5,-0.5,-0.61,1.21,-0.08,-0.51,-1,-0.3,0.48,-0.29,-0.87,0.94,-0.39,-1.3,-0.03,-0.8,-0.63,0.14,0.16,-1.06,-1.27,0.56,1.38,-1.85,-1.3,0.58,-0.61,-0.26,0.1,0.02,-1.12,-0.99,-0.34,-1.59,-0.13,-0.9,-0.68,-1.08,-0.88,-0.04,-0.31,-0.92,-0.67,-0.99,0.23,-0.31
OV:OVCAR-8,0.54,0.05,0.29,-1.13,-0.64,-0.14,0.83,-0.41,0.42,-0.38,-0.49,-0.49,-0.61,-0.34,-0.98,0,0.07,-0.65,0.88,-1.22,-0.49,-1.37,-0.15,-0.37,0.79,-0.74,0.61,0.18,0.32,0.92,0.46,-0.59,0.38,-0.79,-1.45,-0.88,-0.37,-0.7,0.78,0.17,-0.54,-0.62,-0.18,0.44,0.9,-0.54,-0.77,-1.31,-0.42,-0.87,0.84,-1.1,-0.51,0.02,-0.62,-0.06,-0.44,-0.24,-0.56,-0.29,1.68,0.5,0.34,1.5,-0.17,-1.02,-0.56,-0.43,-0.37,-1.1,-1.3,-0.47,-0.79,-1.43,0.11,0.88,-0.08,-0.03,-0.31,-0.75,0.33,-0.97,-0.88,0.69,0.44,0.29,-0.63,0.11,1.48,-0.14,0.64,0.92,0.43,0.35,0.22,0.63,-0.74,0.62,-0.37,-0.01,-0.85,-0.61,0.81,0.22,1.74,0.38,-0.31,-0.67,-0.52,-0.61,0.15,-0.59,0.05,-0.17,-0.27,-0.96,-0.39,0,-0.8,-1.08,-0.59,-0.51,-0.64,0.52,-0.62,-0.61,-1.05,-0.13,0.73,-0.62,-0.41,-0.69,0.45,-0.15,-0.64,-0.23,-0.34,-0.08,0.2,1.1,-0.68,-0.42,0.09,0.12,-0.31,-0.27,-0.75,0.45,0.27,-0.3
OV:SK-OV-3,0.67,0.24,-0.44,-0.23,0.66,-0.4,-0.67,-0.73,0.32,0,-0.7,1.08,0.35,-0.21,-1.01,0.31,4.09,-1.99,0.57,-0.12,1.7,-0.32,-0.93,-0.7,-1.31,-0.72,0.61,0.74,0.23,-1.3,-1.3,-0.64,-1.55,1.06,0.49,0.21,-1.46,-0.7,-0.32,0.35,-0.02,-0.71,0.05,-1.31,0.77,-0.54,-0.52,-0.87,-1.27,0.66,0.88,-1.07,0.78,1.43,1.94,-1.83,-0.33,2.17,-0.61,0.91,0.44,0.37,-0.63,-0.39,0.08,1.27,-0.28,-1.51,1.68,0.11,-1.05,0.72,0.08,1.29,2.01,-0.23,-0.49,-0.91,0.18,-1.17,-0.27,-1.88,-0.99,0.71,0.44,0.61,-0.77,-1.29,0.23,-1.19,-1.44,-1.55,0.61,0.89,-0.9,-1.19,-0.83,-0.2,0.13,-0.24,-0.56,-0.52,0.51,0.22,-0.66,-0.82,-0.61,-0.67,0.16,-2.63,0.29,4.49,-0.89,0.66,-0.66,-0.36,-0.39,-1.04,-1.23,0.29,-0.37,-0.4,0.35,-0.83,0.67,-0.24,-0.93,2.4,-0.39,-0.16,-0.11,-0.65,0.64,-1.82,-0.41,-0.91,-0.34,-1.59,1.7,-0.46,-0.24,-0.94,0.39,-0.81,-0.31,-0.38,-0.46,-0.85,0.06,-0.11
OV:NCI/ADR-RES,0.17,-4.68,-3.26,-0.87,-2.5,-0.18,0.39,0.28,-2.87,-0.11,-0.85,-3.99,-1.22,-1.35,-3.02,-2.4,-0.23,-0.57,-0.12,-0.6,-0.41,-0.18,-0.58,0.24,-0.25,-0.78,-1.44,-0.7,-2.38,0.69,-0.58,-0.56,0.65,-0.91,-0.92,-2.52,-0.56,-0.7,-0.57,0.46,-0.91,-0.6,-5.89,-0.62,0.05,-0.54,-1.17,-1.32,0.04,-0.83,-0.22,-1.1,-2.73,-0.01,-1.01,-0.61,-1.42,1,-0.46,-3.09,1.81,-0.12,0.08,1.53,-0.18,-1.24,-1.84,-0.15,-0.35,-2.91,-1.13,-0.35,-0.55,-1.82,0.41,0.36,-0.28,0.21,-1.96,-0.02,0.16,-0.09,-0.8,-0.85,-0.7,-0.97,-0.94,-3.09,-0.8,0.6,0.38,-0.25,0.52,0.28,-0.06,0.35,-3.83,-1.41,-0.68,0.19,-0.84,-0.24,-1.42,-5.99,-0.27,0.38,-0.61,-0.67,-1.31,-3.46,0.59,-0.69,-1.25,-0.36,-0.77,-1.06,-0.35,-0.81,-0.8,-0.1,-2.87,-0.87,-0.64,0.51,-0.11,-0.38,-1.02,0.06,0.28,-1.84,-0.45,-0.23,-1.49,-1.86,-2.35,-0.61,-0.34,0.75,-0.67,0.82,-0.62,-0.45,0.57,0.6,-0.31,-0.43,0.06,1.05,0.68,0.19
PR:PC-3,-0.77,0.07,-0.09,-0.53,0.86,0.27,0.64,-0.83,0.42,-0.72,0.01,0.82,0.82,-0.08,-0.85,0.43,-0.5,-1.39,0.9,-0.36,-0.41,-1.08,-0.17,-0.62,0.85,-0.59,0.61,-0.62,0.36,-0.08,-0.15,3.7,1.33,1.89,0.27,-1.61,0.28,1.49,-0.84,0.35,-0.28,-0.13,-0.13,0.36,0.3,-0.54,-0.81,-1.32,0.09,1.72,-2.12,-1.1,-0.57,-0.71,-0.76,0.57,-0.95,-0.31,-0.35,0.41,0.21,0.89,0.75,0.06,0.2,0.64,-0.02,0.94,-0.66,-0.91,-1.06,-0.64,-0.8,1.59,0.1,0.46,0.03,-0.34,0.16,-0.32,0.1,1.69,-0.85,0.09,0.44,0.26,-0.78,-0.24,-0.6,0.34,0.63,-0.01,-0.32,0.12,-0.35,0.52,-1.15,0.83,-0.48,-0.83,-0.33,-0.48,0.3,0.21,0.81,1.52,-0.29,-0.67,0.89,-0.73,-1.07,-0.56,-0.85,-0.47,-0.02,-0.77,-0.39,1.31,-0.56,-0.34,0.53,0.14,-0.62,0,-1.27,1.23,-1.2,-0.42,-0.05,-0.74,-0.77,-0.25,-0.14,-0.85,-0.43,-0.67,-0.34,0.19,-1.89,-0.9,-0.68,-0.53,0.32,0.17,-0.31,0.77,0.21,1.43,-1.31,0.67
PR:DU-145,0.71,0.08,-0.01,-0.83,0.25,1.1,0.22,-0.27,0.71,-1.96,-0.78,-1.06,-0.6,-0.58,-0.66,0.37,-1.03,-0.71,-0.94,-0.72,0.44,-1.34,-1.31,-0.33,0.48,-0.55,0.61,-0.12,0.28,0.46,0.86,-0.38,-1.22,-1.06,-0.84,0.03,0.08,-0.7,0.16,0.07,-0.77,-0.68,-0.11,-0.22,-0.77,-0.54,-0.64,-0.78,-0.4,-1.05,0.69,-0.9,-0.66,0.86,0.12,-0.82,0.94,-0.68,-0.24,0.36,0.73,0.86,-0.63,-0.54,-0.18,-0.63,-0.63,0.01,1.22,0.19,-0.87,-0.43,-0.02,-1.02,3.12,-0.24,-0.49,-0.95,-1.35,-0.21,0.64,-0.61,-0.77,0.3,0.44,0.68,-0.73,-0.75,-0.8,-1.28,0.51,0.76,0.51,0.54,0.59,0.54,-0.48,-0.37,-0.28,-0.92,-0.62,-0.53,0.24,0.21,1.09,1.2,-0.61,-0.67,-0.42,-0.87,-0.53,0.06,-0.6,-0.27,-0.56,0.16,-0.39,-0.4,-0.86,-0.7,-0.62,-0.38,-0.04,0.76,0.51,,-0.81,0.13,-0.28,0.01,-0.7,-0.63,-0.62,-0.45,-0.7,-0.89,-0.34,-0.18,0.14,0.37,-0.03,-0.75,0.18,0.39,-0.31,-1.29,-0.21,-1.19,0.08,0.18
RE:786-0,0.71,-0.23,0.65,0.05,-0.25,0.58,0.82,0.33,0.29,-0.57,-0.75,-0.21,-0.08,-1.15,-0.64,0.14,-0.25,-1.03,0.63,0.79,-0.37,-1.11,-0.22,0.21,0.97,-0.54,-0.53,-0.82,-0.25,0.94,0.27,-0.89,-1.16,0.88,1.87,1.01,-1.62,-0.7,0.31,-0.48,-0.39,-0.69,-0.43,0.64,0.48,-0.54,-0.84,-1.28,0.16,0.76,0.94,-1.1,0.21,-0.08,-0.24,-0.37,0.33,-0.31,-0.04,-1.02,0.03,0.89,-0.63,-0.6,-0.18,-0.23,-0.45,-0.89,-0.46,0.32,-1.06,-0.36,-0.21,-0.45,0.52,-0.4,-0.26,-1.63,-0.42,-0.45,-0.03,-0.43,-0.27,0.59,0.44,0.1,-0.52,0.52,1.61,-1.63,0.68,1.46,0.38,0.62,0.39,0.65,0.52,0.62,-0.49,1.47,0.18,0.04,-0.08,0.13,-0.81,-0.82,-0.61,-0.67,1.27,-0.22,0.99,-0.52,-0.74,0.3,0.14,-0.25,-0.39,0.02,-0.66,0.25,-1.15,-0.52,0.2,0.8,1.08,-0.36,-0.5,-0.16,-1.12,-0.32,-0.14,-0.63,0.19,0.1,-0.34,-0.85,-0.34,-0.78,-0.2,1.21,-0.05,0.79,0.34,0.69,-0.31,2.02,2.42,-0.18,0.5,-1.89
RE:A498,0.07,0.56,-0.44,1.71,-0.36,-0.16,-0.3,-0.79,-2.69,1,1.42,1.08,2.01,-0.73,1.78,-0.26,-0.2,0.2,0.85,1.39,0.96,4.32,-0.38,-0.38,-1.31,-0.03,0.05,0.98,-0.59,-0.73,0.19,0.07,1.08,1.61,1.57,2.42,0.74,0.98,-0.04,0.18,4.04,-0.58,0.18,-0.23,0.16,-0.54,1.78,1.44,0.12,0.5,0.88,1.37,1.23,0.7,1.61,1.39,-0.09,1.09,-0.27,-0.59,-0.41,-0.22,-0.54,-0.32,-0.18,1.18,1.93,0.29,0.66,0.82,1.05,1.64,2.27,1.9,0.22,0.63,0.16,-0.91,-0.16,0.25,-0.7,2.01,-0.78,0.91,0.44,0.58,1.92,-0.45,1.37,-1.63,-0.89,0.85,-1.31,-1.37,0.53,0.26,3.37,2.2,-0.05,-0.12,-0.39,2.58,-0.16,0.17,-0.7,-0.74,-0.05,-0.67,4.02,-0.16,2.43,1.03,0.91,5.69,2.88,1.04,1.22,-0.21,-0.03,1.25,-1.4,4.13,2,-0.54,0.59,1.5,1.09,0.26,0.85,2.36,2.48,1.56,0.92,1.11,-0.06,1.23,-0.34,-0.62,0.68,0.27,1.56,-0.93,0.64,-0.3,-0.31,0.13,0.1,2.08,0.91,0.36
RE:ACHN,0.71,-0.77,0.57,-0.08,-1.68,1.36,0.85,0.73,-0.2,-0.25,1.6,-0.8,-0.23,-1.35,0.24,-0.96,-0.01,-0.18,0.09,0.31,2.53,-0.46,-1.37,2.34,0.67,0.07,-0.82,0.96,-1.86,0.81,0.99,-0.27,0.3,-0.34,-0.42,1.63,-1.1,-0.7,0.86,-0.87,-0.37,1.56,-0.01,0.55,0.84,-0.54,0.28,-0.58,0.03,-0.7,0.94,-0.41,0.49,1.98,2.45,-0.26,1.05,-0.22,-0.45,-1.35,0.11,0.89,-0.55,-0.48,-0.18,-0.48,-0.16,0.36,3.04,0.58,-0.13,2.43,0.08,-0.31,3.16,-0.42,-0.17,-0.18,-1.01,-0.75,0.87,-0.21,0.04,1.23,-2.38,-1.51,-0.71,-0.59,1.21,0.2,0.5,1.55,-0.32,-0.17,0.4,0.65,0.38,-1.41,0.13,0.19,-0.6,-0.49,-0.16,0.21,-0.65,-0.82,-0.48,0.44,0.48,-0.37,2.06,1.18,-0.59,0.57,0.51,0.29,-0.39,0.23,-0.67,0.51,-0.65,-0.5,0.43,0.93,1.06,1.25,-0.52,1.1,0.86,-0.23,0,-0.35,0.45,0.25,-0.61,-0.81,-0.34,-0.39,2.29,1.12,0.09,-0.68,0,1.76,-0.31,-0.32,0.78,0.77,-0.05,-0.01
RE:CAKI-1,0.71,-1.1,-0.03,0.92,-1.05,0.92,0.64,0.26,-1.88,1.09,1.63,-1.45,-0.43,-0.79,-0.09,-0.82,-0.62,-0.42,0.24,0.04,2.09,0.55,0.33,1.51,0.18,-0.14,-1.96,1.49,-1.45,0.69,1.64,-0.14,0.88,,0.99,-0.77,-0.07,4.52,-0.86,-2.44,-0.31,3.36,0.14,-1.28,0.54,0.63,0.23,0.4,,0.35,-0.46,-0.24,,1.57,1.28,1.04,0.64,-0.3,-0.66,-1.7,0.06,0.52,-0.63,-0.65,-0.17,,-0.61,0.28,1.83,1.07,-0.75,0.63,0.2,0.47,0.85,0.07,-0.5,0.59,0.97,-0.13,0.25,0.64,-0.56,1.21,-0.45,,0.74,-0.47,1.34,0.57,0.54,0.99,0.56,0.31,0.95,0.45,0.5,0.15,0.15,-0.83,-0.64,0.92,-0.32,-0.52,-0.86,-0.55,0.01,-0.01,-0.42,-1.19,,1.41,-0.74,0.34,0.54,0.17,1.07,0.55,0.01,0.41,-1.56,-0.49,0.53,0.78,0.86,0.86,-0.02,1.95,0.87,-0.04,0.15,-0.3,0.7,-0.63,-0.27,0.48,0.63,0.29,1.13,1.06,0.72,-0.59,-4.13,0.61,-0.31,0.97,0.48,0.72,0.41,-0.29
RE:RXF 393,0.16,0.45,-0.44,2.67,-0.17,-0.38,-0.8,0.81,0.69,-0.49,-0.71,0.97,0.28,-0.59,0.7,0.2,0.51,-0.79,0.9,1.21,-0.37,1.26,0.55,0.83,-0.72,0.2,0.61,1.44,0.07,-1.54,0.49,-0.04,-0.03,0.88,1.52,1.04,-0.52,0.4,0.01,0.37,1.29,-0.36,0.19,-1.64,2.26,5.36,0.18,0.13,0.32,1.26,0.87,-0.15,1.22,0.37,0.16,1.67,-0.81,-0.68,0.11,0.21,-0.58,0.58,-0.31,0.41,-0.18,0.65,0.91,-0.04,-0.18,1.14,-0.3,0.71,0.27,0.47,-0.69,-0.13,-0.1,2.46,-0.62,-0.01,1.47,0.29,-0.76,1.05,0.44,0.29,-0.88,-0.06,-0.8,-0.54,-1.4,0.34,0.34,-1,-0.43,-0.22,1.1,-0.16,-0.07,1.83,0.74,-0.42,0.26,0.2,-0.87,-0.82,0.43,-0.67,1.9,2.14,1.91,-0.42,-0.49,1.14,2.51,0.16,2.51,0.95,0.76,0.83,-1.1,0.98,1.85,-0.01,1.31,1.41,-0.07,0.17,-1.52,0.86,1.41,0.17,1.38,1.03,0.94,-0.1,-0.34,0.4,0.49,-0.59,-0.68,-0.23,0.66,-0.39,-0.16,2.49,-0.15,0.13,0.26,0.05
RE:SN12C,0.71,0.26,0.47,-0.31,-0.3,0.82,0.41,-0.63,0.59,-1.07,-0.72,0.15,-0.19,-0.24,-0.05,-0.03,-0.46,-0.65,-0.88,-0.32,-0.03,-1.02,0.11,0.17,-0.01,0.58,-0.3,0.91,0.28,0.06,0.03,-0.86,0.94,-0.88,-0.78,-0.54,0.37,-0.7,0.2,-0.03,-0.19,-0.62,0.16,0.91,-0.08,-0.06,1.26,-0.52,-0.44,0.26,-0.72,-0.5,0.76,0.52,0.37,-1.13,0.56,-0.64,-0.68,0.36,1.8,0.27,-0.73,0.74,-0.15,-0.5,0,0.33,0.15,-0.9,-0.7,0.3,-0.3,-0.35,-0.84,-0.6,-0.26,-0.31,-1.25,-0.79,-0.08,0.99,-0.65,0.73,0.44,0.33,-0.77,0.08,0.79,0.5,0.6,0.11,-0.05,-0.88,-0.09,0.6,-1.16,0.72,-0.29,-0.92,-0.6,-0.41,-0.4,-0.01,1.74,1.52,-0.61,0.17,0.13,0.35,-0.75,-0.23,-0.16,0.01,-0.41,-0.7,-0.38,0.15,-0.29,0.79,1.01,-0.6,0.88,0.69,0.68,0.4,-0.56,-1.01,0.39,-0.25,0,0.82,0.13,0.53,-0.03,-0.36,-0.34,-0.02,0.52,0.99,0.62,-0.16,0.22,-0.09,-0.31,-1.29,0.29,0.72,1.04,0.28
RE:TK-10,-2.14,-0.2,-1.26,0.74,-1.84,-2,-1.83,-0.78,0.18,1.04,-0.93,0.7,0.16,-1.01,0.16,-1.91,-0.68,-0.41,-0.97,1.01,2.78,-0.54,-1.26,-0.85,-1.34,-0.78,-0.97,0.64,-0.82,-1.01,-0.35,-0.4,0.24,-0.03,1.44,-0.16,-0.59,-0.7,-0.24,-2.33,-0.02,-0.75,-0.63,-0.61,0.15,-0.54,-0.8,-0.27,-1.04,0.96,0.82,0.22,0.24,1.99,2.49,-1.38,-1.51,-0.59,-0.64,-1.26,-0.75,0.58,-0.63,-0.52,-0.18,2.01,-1.05,0.14,3.04,0.67,0.57,0.56,-0.22,1.67,1.48,-0.26,-0.33,-1.43,1.05,-0.58,0.89,-0.79,-1.19,1.34,-2.26,-2.87,1.55,-1.7,-0.8,-1.17,-1.64,-1.69,0.16,0.49,-1.4,-0.61,0.33,-0.66,-0.17,-0.92,-0.75,1.07,-0.75,-0.08,-0.81,-0.82,0.21,-0.67,-0.52,-0.86,0.07,0.37,-0.56,0.33,2.01,0.18,-0.39,-0.73,-0.63,0.01,-0.87,-0.57,-0.11,-0.24,0.06,0.8,-0.63,1.6,-1.33,0.66,-0.39,-0.33,-0.39,-0.17,-1.78,-0.8,2.55,-1.59,2.09,-0.9,-0.41,-0.83,-1.78,-1.11,0.09,-0.49,1.31,-0.59,-0.19,-0.19
RE:UO-31,0.6,-2.17,-1.49,0.19,-2,-0.54,0.35,-0.57,-1.33,1.44,1.76,0.11,1.25,-1.35,-0.11,-2.37,-0.33,0.39,0.91,0.7,0.65,0.09,-0.72,0.5,0.11,0.02,-2.13,1.09,-1.96,-0.01,-0.07,0.88,-1.37,0.69,0.93,0.1,-0.41,1.66,0.65,-0.51,-0.32,1.26,-0.48,-0.4,-1.15,-0.22,0.07,-0.04,0,-0.63,0.13,-0.31,0.03,1.23,1.15,-0.38,-0.76,0.46,-0.29,-1.84,0.95,0.89,-0.63,-0.46,-0.02,1.33,-0.31,0.16,0.83,0.38,0.59,3.53,0.37,0.84,0.58,0.12,0.24,1.52,1.28,-0.5,0.45,-0.59,-0.33,0.87,-2.03,-1.16,-0.46,-1.88,1.23,-0.34,0.23,1.31,-0.16,-0.18,0.59,0.44,0.54,-1.27,-0.18,-0.92,-0.13,-0.68,-0.21,-1.16,-0.87,-0.82,0.4,-0.67,1.26,-0.13,0.3,0.32,-0.58,0.55,0.23,0.16,0.42,0.28,-0.07,0.69,-1.4,-0.25,1.11,0.72,0.85,0.7,0.08,0.74,0.03,-0.15,-0.17,0.06,0.56,0.62,-0.04,0.98,0.81,3.96,0.97,1.41,-0.68,-0.59,0.14,0.45,-0.31,-0.52,-0.08,-0.11,-0.75,0.42
