cell_line,PC1,PC2,PC3,PC4,PC5,PC6,PC7,PC8,PC9,PC10,PC11,PC12,PC13,PC14,PC15,PC16,PC17,PC18,PC19,PC20,PC21,PC22,PC23,PC24,PC25,PC26,PC27,PC28,PC29,PC30
BR:MCF7,-160.7237055782721,47.09835484562096,-9.868951535737786,5.38441646328071,-70.45201660012393,10.73600431119094,-16.24017195412268,18.761760588675536,-41.134080740030974,68.09941843967827,-46.04721528817271,37.63328581496794,-29.669954652282893,10.91338313448365,-5.560522371923027,4.715993204668349,29.543868955779008,-8.531144815001467,4.7300997115923735,3.1453133540566656,3.904250395488128,11.820911703473628,-2.1219103708465705,-10.208200095587513,4.875289404076548,13.65946644776218,15.55038905491936,-24.134172162401004,-3.0885202259948143,-5.66429196784423
BR:MDA-MB-231,-13.71141777562818,-9.926585063105348,0.5047507692267122,-26.939831547035343,-26.05255274261707,-60.816535784745746,26.517289715558206,-17.859231391174603,17.43537731872185,65.20133337860412,0.697560947368678,-32.993093886249056,16.116402493814956,-38.280404956728674,43.96095153811588,-52.123638191417385,-33.544483353452414,26.531469733935907,14.39659394797288,45.78461726528818,10.463925600748995,-6.652607271295854,-3.3071266987417514,1.6273496778311434,7.756761172274598,17.368416229576088,8.48993790872928,17.40284156624668,-15.162516565822154,-4.541535260211862
BR:HS 578T,79.30404587881222,-39.58424332985846,13.222178442293222,-19.007562224401685,-8.664895631448285,-13.961209305028778,-0.4670066368466332,-35.18719342649685,2.9232013648374062,-3.762733859259358,-10.398418834120536,25.13737152771044,14.221323991189658,22.72972115607106,-0.8335062858130529,10.892338443638186,3.3388150831240773,-13.476268250451112,5.252126696533695,9.59027415764617,-26.186897554741694,-17.36910860415117,-24.962557353758708,-18.95449154588795,-1.4344117163189662,-4.64594180219599,4.604315038584813,7.941744927736289,-13.534774466944812,0.3211530099447701
BR:BT-549,0.2681927181018654,-14.503899901781542,17.852708983993562,-23.682363210966,-17.92102690018707,-12.808474259188383,-20.51570008059065,-27.622820852197695,-6.9633938449875235,-15.765620087740809,-18.356571042396375,16.89610043579493,-4.758099888332453,-10.325481645583933,-20.8138633589886,10.744041857792988,-16.041970958472472,-21.564647251315037,15.561833514325729,18.18483971805838,-11.805984207557913,0.4703708238166613,-17.197312611837813,34.76419667931771,-37.17082676490306,-15.227318343172517,17.950372273732565,23.516444429890928,-0.6810411759928748,-6.626501823054653
BR:T-47D,54.41583972799488,18.524103606124346,-61.05725844327935,33.534059676460885,-51.67613727784266,21.916545609871804,-1.9714044772464057,4.158918403686078,-20.93286746151017,36.137808531787414,-25.54285563423248,31.572666955318557,-13.704959927194746,9.881874359187249,25.88424686366034,-26.97890069003403,27.522883109537812,-21.44587336756955,-26.037806346532,-2.904233048551641,-12.91299671977219,3.668954214903866,-2.722436046166695,13.073738834083846,-4.318720018972881,-8.731207673271733,-1.031632574486607,44.6864039953771,6.305590016755533,3.574402125346542
CNS:SF-268,-35.54970665411058,-34.319051916720646,42.941524366408935,-50.33779547961188,-19.007357097750877,-49.33812888193257,-9.884903674978704,-29.585395874354273,-6.338220237602015,20.260156560789067,-2.1311879046898463,-0.3001775525464349,28.294104410714883,33.23785798743523,23.571226702909374,6.604361280938516,-5.1621026473220235,-11.052877906314464,-25.05023586888708,-18.94621202048975,-2.050470905590602,-4.366825685081341,-5.039170172717891,-15.9287781505153,-0.7076214677682104,-9.670595859491266,-7.7921411050930205,-28.545537650697284,16.23563186889511,-1.1438559988684427
CNS:SF-295,9.638216711802553,-28.757197349169974,23.34803554641974,-16.03632192083271,24.62545805642063,-10.625523033986846,-1.4336929964430765,-20.120960010391045,-21.093146149551583,-8.083157889720825,-21.603234005461797,-23.376503238778746,-24.77320093425189,11.334029754643032,-15.00846327194135,10.298657218642717,13.420228086753752,14.853425594082172,-6.038407501831037,-1.0792526552482415,11.6780285681303,35.119068070625254,15.19843623770795,-10.616057571332457,-7.667589869654273,18.409178432103797,12.746858658238452,0.9546194326259776,-31.808740446532266,7.680600544161471
CNS:SF-539,62.83695412952075,-15.2198126539441,5.80465295474581,-11.42024597870593,-1.4356485900683893,-5.823429128679129,1.7565650953903178,-22.43942975486135,7.203950292985566,0.4374576919728234,-26.217769133396725,-11.56134924439715,-19.79706013463206,14.319125989514134,-13.156129251897434,16.402111646608024,-3.1688763645821867,-12.817574837882423,8.252022230090253,3.0441966570092993,-9.899456827698552,6.055932703603319,-20.44775164890448,7.913093226557065,-2.6784851886713783,-8.234501535778616,-3.408126769240909,8.041110142008488,-19.1501897541294,-5.255084855951934
CNS:SNB-19,48.91656790545926,-22.05662970227491,12.203623371871126,-5.13614265062507,5.101791750576037,-18.975135177383237,-17.4623336156197,-22.434485361024898,-3.4763385689798727,-7.755650089556959,-19.559349948626355,-45.55268197272821,-18.027324284785227,9.939637868330625,-11.022872531064133,5.496740488727278,20.86996781961907,9.818628695740708,-16.046371201571745,-9.705408085238473,23.231507005193663,16.98199468405063,2.027021373273284,10.661092450567038,7.127629149495304,16.504792683786526,5.118367317900888,1.384149116565133,14.887578104226192,18.54857499910289
CNS:SNB-75,104.43673928201426,-1.8924257882421724,8.195078547699506,16.291386202752822,-7.497285719832583,-12.37023764996152,-11.57882396887764,-20.74972050331028,2.046168764241923,-3.354245787484503,-10.49011401590687,-24.731912711499135,-12.57296754944116,11.067147001611476,-8.911582793526062,3.410304282946792,-0.8171172796046745,-8.149040200000206,-10.259251877379372,1.2994589352907997,9.245953218105676,-1.16420691757057,-8.077033748938833,5.576030696553833,-10.878590165424992,5.312169909455755,4.1111710472017835,6.7916429318001805,-6.100965083981503,-4.443444672179396
CNS:U251,52.31514903181302,-4.8829621720692735,3.917360741994755,-5.757865769126408,-12.238290481250864,-26.66642414454472,-2.3492330137334547,-21.55963279416712,-0.9006021294283463,-2.9304460533927816,-12.79647555946186,-43.85205917350879,-19.13837234661116,0.2944826943926882,-2.1579808686124826,8.675812051541316,20.163941407808505,4.02918188634758,-16.87623703203093,-1.4974587813615283,24.809325476964887,8.762767314221536,-6.234007370343388,3.840705006658739,-4.5763375570598575,0.1298909029494029,-4.890616148210321,-6.434972476260432,22.8343873160917,5.44179729048682
CO:COLO 205,-38.27989203160129,4.522973204594784,-59.1721595156512,77.45070767452731,68.16390549114676,-9.417664565487874,-5.799771649069093,-12.34941242439742,12.982831222588796,-3.720898743583462,-14.708303249729486,-3.0844647810791854,-3.134296951945016,22.686870797069854,13.868083546899038,-42.43630192361227,-3.799981656698326,-28.0495488128352,6.2177992005374385,27.441723884094024,-19.683103085659216,16.846794746493828,14.109743247458288,11.271551727537844,-11.201147124309948,19.248599714209693,10.078693719285242,-44.52045766833738,14.011847798709354,8.166253045839722
CO:HCC-2998,-102.103017206336,9.945224221727448,-41.64998727383922,66.1057078434178,40.510335391962165,-19.086861732981298,-0.6792599188199748,-10.879482750053352,-0.6049891976365579,-24.83652629795645,9.232693868828386,11.46052419200841,20.147649037214045,3.55975708919218,-24.576707183768917,2.7356322978747034,-13.82839643865556,-10.03596073879605,18.790858115816423,-0.1928259366775505,28.32505189638779,1.7944792909580298,-37.33684482257096,-18.76115090638176,0.5137262314287778,10.055347706417802,39.51107206030156,13.482300167329106,-8.441095810917478,-21.828611899736384
CO:HCT-116,-77.00908858450357,7.933156532327446,-11.009658153906592,8.053733836666387,-12.57602947603281,-14.247295055978444,21.19965528384852,7.471108200405512,-12.160811234543244,-0.9819469302361749,16.38074453876713,-2.98628787790996,4.010976389755867,-12.60884029485254,-31.324646513406012,24.05801012529246,5.759741291362346,17.561130131758176,7.019841716406017,3.834864772184565,6.946317077797806,7.009987446250329,-1.314788212993908,-2.0995779619535915,4.261738002255568,11.701816190911268,-16.170339570354958,7.106051028541196,-31.362595975692933,7.88721468745394
CO:HCT-15,-157.26458429167707,22.267383632489892,-7.666446119015828,9.695073081050843,1.2896253291165416,-27.857279186245023,-5.46805301041854,-5.92768136524798,-0.139975430569484,7.107360843135185,3.2857679659101446,11.599304143049537,23.420176394323025,8.002984686737394,-12.08900794669568,22.84197674937419,7.13845207966848,1.534589196396536,-13.231323738495345,-10.850330942300664,20.29667640107685,-10.365684340215411,-26.87429028386877,12.139291587597056,32.30521068651118,5.085010479076257,-40.573368013338424,18.07728693441523,-2.4407492787395833,-13.82674195024346
CO:HT29,-115.38350634623237,-2.4779880534396543,-43.64129815916272,64.89576166225129,38.55217417647718,-24.27006227646211,19.765835027099488,-5.691943884911672,6.268461272446515,16.492532304389172,-5.711344673785338,1.3806673931050144,-18.78395626553417,15.83234885953313,1.3988524782192129,7.858551496874668,-40.58432618961946,22.863593606475867,3.196512033958344,-24.824088072843093,-17.13501098067386,28.090881373420647,10.80164165487386,-8.142601309686674,-15.292104739708126,-47.3384048401453,-8.824462238241829,20.632964329899497,6.093132160326066,5.252926531012413
CO:KM12,-78.9047337497323,22.289804987870443,-27.932934045078664,46.67104438760934,23.74769440211788,-24.92646340341831,-22.074331894778645,-24.147584410902265,-8.935403383197597,-29.305389279777597,-6.007716219127297,18.220707150926465,12.96095581987882,-22.146094187081623,-2.0481682181397893,-0.5382032784729405,3.554770761280978,-15.78236565493344,-12.575396410555989,11.183263730267631,14.014315016019069,-23.12541261374319,-16.44580988688043,5.580786238701302,20.145819206146935,6.782861112507764,5.315866029368184,-15.424679259025853,18.7605540794963,18.69715110076069
CO:SW-620,-37.57360093757114,23.300152266291207,-23.632378257065533,18.866770946287144,20.977352542732696,-39.67556315285512,11.537212158063603,-0.5206969266305631,6.281214435472923,-2.003242411180891,39.94581964054799,-30.54111189875614,15.427173275533873,26.60734671371181,-5.546472718710699,-29.6782667356235,76.14145412901183,-17.653596667663564,18.47516545233011,-12.920378914102985,-14.393407084747196,-27.035103786901477,33.2583101877694,13.024846872766792,-12.85099889790791,-9.240298479966592,-14.965291052424366,11.916409481794956,-19.79910743159051,-14.100445538438844
LE:CCRF-CEM,110.75151046876996,57.39042435797093,-57.31993265407424,-38.344932196386466,16.142235171007734,-13.787866262913218,-31.710248527749854,16.970517157724142,18.08065038562752,-7.160701227148376,5.652515624336727,10.324055345030038,-11.585004130050374,-1.246618825883144,3.761997756073058,-4.88477414819692,4.938464321308666,2.508552796649225,-6.701352272591915,3.3600079575027486,3.316999799489807,-13.61820090800476,-10.36770766461646,-4.435937128779577,-0.11731921798326,-1.646079697310018,-4.957100422983178,0.9516137659524296,-3.6387394449829937,-0.9313243090785748
LE:HL-60(TB),3.999300062526476,75.08016858664217,-40.57812258737194,-62.100044452005186,24.829131776140485,-4.775748327378732,36.64901315088314,9.263903960585786,21.906550370615584,-2.037792416599894,-7.240062087159697,-6.079708703707368,-0.5575826300132802,-24.369601285916765,58.786254473318145,59.21697769165148,-11.285200402830265,-69.06121719280152,23.441280067413206,-21.487974326577415,16.133762267026196,14.70883470149112,23.999515841084552,-1.401523109167724,3.6701927600774633,13.411384039663451,6.475749836633958,8.384040474191405,-6.113868697163878,6.626138324646547
LE:K-562,-98.97967160873982,82.86722225434929,-0.505713094203263,-75.74414154018883,-18.0963337725851,11.38438609961617,98.18836263738578,-4.452990203465971,1.5429803538373,-79.23436498791898,-46.43937835080758,9.70326055906666,-23.79732441084265,28.619419936331767,7.766152990892277,-37.22491746680146,-3.501502850395956,28.070521027600947,-10.393824933217989,0.3875535247690921,3.0894354729857216,-18.886214855759142,-0.3927808233011878,2.1315548826578445,1.0830704221548526,-4.047508148803584,5.0592283387198185,-3.6481689733510354,3.096069749586417,-6.494901289220074
LE:MOLT-4,-14.729949614374052,93.11140427843296,-41.40701985354387,-97.71863078885988,40.907797808237056,-25.63893997999711,-95.875040712976,39.537573787923066,47.10565230153916,-3.934841961006976,12.499656660654166,23.174563790918324,-25.57684121267813,2.5955274392679475,-2.3591874927348524,-11.459841576528053,1.8902941362836287,32.30078511140343,-4.578741545969796,2.5111444262056652,-7.629926180150216,12.289421136848029,-7.330623511532466,-11.815881051379046,-7.35799381503915,-0.9120157827507012,-1.3554995605715696,3.4239446427679905,2.009125985026136,1.1305176651226423
LE:RPMI-8226,-40.10261446970621,78.29379710891416,-39.62248787055988,-50.955928665537186,28.700665763720338,91.02605526007036,-6.831854062836194,-100.15618747745503,-46.47828680228986,30.545429772572824,62.85860458977367,-25.582040331988463,-4.733368680617039,1.4488227090104853,3.102271106911588,-1.3667980044385402,-9.464714951499609,11.441085384695048,-1.7184282817801917,-2.3040406789182217,-10.457215497066038,-1.637122010914602,-8.29896309467015,0.2879238324299247,4.073279064691483,-3.0687506086507015,3.4213021159265904,-4.6233359444790825,0.8792729438477462,-0.3037130606098911
LE:SR,77.7492894612729,20.028089119690065,-44.36033044392571,-52.697796239744456,65.22824994227125,26.60686042602049,19.789530780541085,45.990514830680766,-26.408290561232565,46.604972755144935,-60.30068875561368,-25.18974115059251,81.74584083639917,4.86499533588669,-50.72071453965234,8.181011781261214,-6.757145308324266,9.137934221068068,-6.17588643552188,2.080260823282581,-0.9799025490810912,-10.500050666330049,9.72778255549182,11.323086962243156,-5.260754758428848,-2.950165409255711,4.812688291247778,-1.7389896118370298,12.204553622282608,-6.726006245870448
ME:LOX IMVI,57.267173997907875,-24.072429623420863,6.511133834449224,-21.199676757139088,9.599690361389516,-12.15586162380593,-1.904617270815548,-3.580471666537833,-35.42860017330246,-13.069629798779667,4.928128802289222,43.843713871592065,23.65554226291978,-13.866170151668962,5.1895897226746115,-15.292870715402898,-14.674978578839124,-12.523181828566642,-14.217138130752504,11.833765413446985,23.765866694937877,-2.4629944017515246,8.544076975497497,-17.968594444022553,-2.5114230958255503,-38.24572843887938,-8.98021152601745,-17.015567253779096,-18.320538833803333,17.456068823865035
ME:MALME-3M,155.90260006922475,37.04453773819888,1.0321840875908448,36.05936796877854,1.0962674508436947,11.21883154281407,16.30149010540273,17.677681080073654,3.2716485055139475,9.272532583141244,10.945203334663551,0.0286575507866428,4.645785567928761,0.5258445999453241,12.049338213436098,-13.570047491981848,9.931844998542372,-0.9943884084072464,1.9887287045720927,-8.520714944144569,3.4650123677677156,-13.946016101137747,-24.050047236992636,-8.699259416894945,-0.2788499781733646,-2.38494425397102,5.348577204989469,-2.3644724833290143,-9.126572305358067,2.788789518203564
ME:M14,-45.978436306679555,59.905662737258986,104.37119541963143,16.924496968703778,10.826295619352209,-6.153626610143363,-3.2885226278016244,-9.567453912967954,4.453299043044039,12.037037008131309,-0.5717776342416666,3.649160430152562,6.4837803757565275,10.19510527748722,0.9209428917618514,12.431326403137112,-0.5747842954623953,2.216650919508812,-4.301596402084225,18.13029242196996,5.016560196180942,1.0532870961560818,25.72170056591795,-5.566472180347192,-18.165420923102293,-1.3568238232438252,-10.79427130025785,5.001771258267822,8.808567408360705,2.79164352716812
ME:SK-MEL-2,37.402916687069755,58.81745920586798,75.81414876793521,30.650950243541253,2.365995583668822,8.972457359534832,10.446996092932755,24.22410042765338,6.731249691050299,4.39065872551235,10.461617917676593,3.0348963416532104,0.7295225548336934,-7.946369915325611,2.011272040611792,-11.701665808981886,-2.81977257430513,11.887309126620334,11.2853575930544,-29.332202879823218,-14.189762519921164,29.2079822631277,-13.142520685771744,20.351527058537297,34.62199250508242,8.094817480464457,20.64627638794979,4.809482212087951,16.992548946836397,-5.353605218968285
ME:SK-MEL-28,54.82749850814457,55.30518075463722,74.57354650341195,32.86347339499477,11.426056827251202,2.550470495824853,12.695978374153608,7.706204351969513,14.668112954164789,11.556070050586715,-2.0753751134041853,3.8968357295171554,7.581378867755223,-0.7750947762850898,2.7326292350592194,10.171489072867493,-4.5492165517388425,7.376445270033329,-4.761085340708188,-7.682937105505686,-14.889398931285475,3.962425316669125,-13.198403850081304,-3.704639760036835,18.28311389347804,1.0797718594365455,-6.7745454298387555,-13.51333684480879,-2.1981978936365785,-2.905495111704921
ME:SK-MEL-5,62.64656391559389,51.20965432791662,51.256688508362714,37.36628513060269,0.003166975051078,17.528423998363916,-11.875628271081164,16.56852308056878,-5.687443265258391,-10.411108634542645,2.37438017846064,0.5946035870373841,1.2418752829093382,-2.5060237000141536,5.503741181005908,-11.3337330204783,-9.122512147222777,-7.724673475309692,1.2574777452002932,-5.9946854727940115,2.955999304788003,-16.591996468305393,-10.06033198188563,11.11037280409682,-10.081497082693785,-3.8669477305176825,4.345279193866417,-5.116250786644897,-13.702964872145444,-0.3478970424261161
ME:UACC-257,58.75021568998127,59.365026691025236,63.5631343543649,34.949228041296465,4.272453104269197,4.22721297839546,8.84162234496379,10.131634029415354,9.304154242049144,10.782518234693574,6.386769093795983,-3.5004468285338435,3.500003880513121,4.885256619762673,12.347659482612851,-4.622225943599477,-3.642137646752028,0.8280960500103733,-0.0842329390962889,-14.299584673988452,-8.566183946653222,-4.714353679439894,-12.271065287937068,-2.3094033572326573,0.2379814493760495,-1.3474834737323491,-2.729022904159269,-8.380059802025384,-6.8588951424801525,1.046744618933756
ME:UACC-62,114.37780117460582,27.43614142582623,15.039466586640572,30.25657882744942,-0.2783509954417853,7.135505165565279,-5.111224332641376,-2.921600827667333,-12.493493996785276,-17.532525103906668,4.827561985626623,3.2818986125337295,-9.971965127440589,1.1369055820150251,-6.277697691015926,1.7722366938552785,1.2524806455609945,1.2778093643678978,-7.785205741153259,8.099319107994765,9.812893881882363,-6.227189088845565,4.666590183436573,-9.601664957584324,2.463401707066716,3.627076894618091,-0.8177308279980096,-0.9807446802334718,-14.346453910431594,-2.6697641057607098
ME:MDA-MB-435,-21.719040516671953,65.60370661935161,101.17359612872532,28.325872610941076,12.32163808439678,1.9076033720523344,-13.947172025988587,-11.862024214070583,-5.112902262612172,-0.6083462533019589,-0.3667603745954247,22.686629894790688,5.039518863909718,-8.474223907219507,-10.263631150256924,9.48981976376643,-5.5838384484256585,2.8881137154029473,-0.4002166409493346,31.2779182356073,10.09208977175884,-0.1425704687030596,39.32960923543411,-5.060318574514723,-21.483713315340857,1.4352370698091197,-8.770835301752632,18.21677470463974,12.59535228191263,0.0394521715764484
ME:MDA-N,-1.4480888074120272e-18,-6.453331220152653e-18,8.930028377932585e-18,1.4399852063566232e-17,-3.1951066754892327e-18,-6.104920978330616e-18,-1.0900792366584216e-17,-4.328142758201881e-18,-5.345590135547742e-18,1.2025799356360299e-18,-5.4769389754779875e-18,-2.9238754776562147e-18,-6.556545520311525e-18,-1.3930922434642812e-17,8.740132300056593e-18,5.3483334303098476e-18,5.263611313783447e-19,-5.304216692909551e-18,-9.357870912013369e-18,-6.400115299390727e-18,-5.014336549986809e-18,-4.030568742758357e-18,5.626003691191572e-18,4.432635574062535e-18,6.3835244292534074e-18,8.003265956636477e-18,8.913196586320313e-18,9.024149638208544e-18,-7.070575991918326e-18,-7.067185310145449e-18
LC:A549/ATCC,-51.77136156066267,-30.718259957422543,-3.074227376738793,12.824955745124152,-8.912652198956929,4.819578633329507,-6.657348592319461,51.06628408021516,-21.743192920262224,-12.45175707247446,21.2295068684203,-39.88688561983396,1.0875725253406294,8.542362059283167,23.33137683467745,19.888697135816415,-0.0378028083644781,13.497085118654802,-2.8946427469648848,26.43828352017869,-17.22784437383836,-5.016669794908505,-4.983009269886359,-16.428405460738404,2.8493995553678024,-6.8423624880039755,14.466891930491588,7.233001210643346,5.683161598919815,4.330039697999002
LC:EKVX,-63.71456962184612,-34.87593922770982,0.9996981624761568,11.839960151995642,-19.40006178864388,19.15700155535507,-27.88527577922504,32.39787376678917,-13.270772567122728,-11.31101327424296,-1.5807897790367833,-21.071102647153904,-5.021492922332265,36.24245206182412,21.52529579589078,17.669341762898256,-41.25102844356525,7.959224271556317,7.81429472662583,-9.459223149143526,-8.563855165331015,-45.94399782293132,1.4375913946753076,14.594088074035886,-22.615469932848452,30.335547704478135,-4.340705550596113,-1.6170480753873495,-7.322316868273916,13.403297804406431
LC:HOP-62,10.403308650644036,-57.166447192175646,12.848087629580744,-17.852636090161294,6.7681701748293435,-19.311762280796376,-18.981229742122473,4.8381043752351935,-15.095069535062876,-1.706745277029568,-4.95490640179555,-4.027824574631826,-2.251228546936112,16.119439081943185,18.166591775599528,-0.5688009918731454,-3.60619208086735,15.361085064580278,14.003559119130689,-19.378718644897976,-7.812370764028966,13.160000808684089,3.891343574650813,27.271174466634463,28.137332962651406,-11.934709443239928,3.834785565002504,-16.298499620730297,-23.37689170480606,-3.3633397989310936
LC:HOP-92,37.79645450065154,-34.578675001922385,1.8150671881186504,-13.899085608006308,11.833112530180768,4.8177286830447335,5.9854502012569135,-2.7330673626708286,-13.046980561837954,-7.598230536977627,-6.706724012435139,15.532657730801214,0.8570525732668097,-10.822345644311886,-5.050555201759457,-16.774326161281852,10.292400280176738,2.657488311150487,36.65982464801655,-6.31916911238567,1.8486776729253016,2.840718038955045,-9.564015678850074,16.116514394533844,21.207267152336808,0.0780770799578762,-18.55901679182926,7.048598808083503,1.7351771196420098,48.06180688146203
LC:NCI-H226,47.236737658690906,-49.98910901168355,-3.8182340401364696,-8.70764920034164,-16.227608480549012,4.556300819542971,3.239918467895477,-2.0506518355312324,6.884267784823901,1.4250779889422145,3.605416357508497,-3.8141869637553576,14.682632980154397,36.0440619272739,25.004549047383005,-2.27908025455761,-8.155415958547215,-4.627017838738715,-1.4302764169472475,-14.310848211342377,8.449677619031638,13.174612937811066,-28.695257609158165,-21.68180583357872,-22.853776730932868,8.232348524546424,-17.76244383833341,-2.0087047103538924,19.574575090678817,-17.608601202152872
LC:NCI-H23,-63.754990149184174,17.311367677942513,12.204829063297362,-21.148944879221308,-47.55468485831496,3.776674272945808,-13.35624863786633,29.84924424818957,-17.685521156110728,-3.097672248081881,7.6857106758750735,-28.950951417831934,-13.781184260643064,-10.956607137021807,-15.57180450527938,6.7925547481042,-3.8384528613270463,-11.981059146184512,42.91980117334543,12.324163271592033,-11.946567702495464,0.0449790298066754,-9.927342436846622,12.506453106040512,-12.055610272770464,-26.19659770324832,-6.649730691045412,-34.39135282580578,-13.695833152766626,1.199218967299892
LC:NCI-H322M,88.64701421101924,1.3661017816477876,-67.42186236708903,52.49830554693849,-26.318645059309596,13.010465962923776,-6.237704676359605,4.474320474550224,-8.944433001397995,-2.74074519924369,-7.1251389439912955,1.2468067501777549,-19.91797533105557,-2.429514867999019,12.111800235657968,23.772372022822836,-16.900862797970472,13.978602877984349,-16.676892747094477,9.262430914330215,5.794147469986781,-22.769575435767624,26.831658716551463,-12.61533408736135,14.587400884793649,-1.1016643105194095,-7.985498357683012,-6.3781613303110465,1.2846407697703113,1.9719717523437752
LC:NCI-H460,-37.50567375167571,-25.639575863159383,6.37434186256664,1.229779993294147,1.508387657299982,32.07005831007094,-24.31487765287785,26.61429169595571,-39.34681062767848,-49.647920618685006,-0.3993657475040056,-23.438015612228497,28.494243291816268,-11.791938862499103,44.41118985010405,-0.057940956352899,26.93808714746955,-1.125315597381613,12.997598261425292,35.602519329791434,2.9773974148567763,28.245313999035613,-7.486613096705371,-10.293419243865236,12.698929300451487,-13.726443607806535,-19.153733208987777,11.14399762260864,19.628287883866257,-25.13061208068403
LC:NCI-H522,-10.853501385223748,14.44751420359832,-2.4824737471359763,-13.891843662810436,-65.73275983460657,-3.235974070194016,-21.31393814513569,12.76519887543252,-1.576317220338455,-12.19959314848881,15.252825810872071,-37.693402170896825,-3.8627263867461905,0.5430861380009734,-55.8667973631685,-49.948686914235914,-43.71470772829885,-50.28806236249597,-1.507130214186574,-23.90858672686278,3.200922609682592,1.502985821842113,25.221798654006445,-37.156168844019035,25.123985342889032,0.7184973944949223,-6.854551051189353,11.174660900154285,9.26425165920615,-2.7000459483944907
OV:IGROV1,-71.0494072694386,1.0863544103609253,-4.32208661650329,-4.449006082008451,-32.02351835316709,-2.0660314946529073,34.95970566659731,13.973785691108583,45.460593820726686,4.539542976564238,27.714327410114763,-21.36140236945782,14.700808780682577,-16.199939727585726,-17.481688343580036,21.693049458661857,24.12406097507223,-5.9452988553857145,-32.70407358026603,16.369771467388457,-26.752328111293185,-2.097197296850377,-17.762974362736095,-11.35607159310657,-4.256997044712481,-18.651443418410967,26.360539899365342,-0.1041384269502864,10.635716311841737,51.61542334157683
OV:OVCAR-3,39.32488506653414,-0.584541643720724,-34.08649009617681,26.10125995375807,-47.36704575491191,7.660317268525071,-15.527781526985065,-20.573381338611483,39.154880338792246,-1.4332858021627777,-11.96364831780387,-15.239212455284704,-6.854603970522669,-21.723450582017463,-2.603496378426428,17.469291393683196,1.1745965160871334,19.473548904424696,13.689188747964804,-1.2680491150138389,32.25947864105425,-17.87738750321843,16.587784008777856,31.09785041822792,10.709341379198872,-43.43838193570684,17.75257221430877,-12.636009803674575,21.376926897192913,-23.08635731808105
OV:OVCAR-4,-39.41203779966758,-29.323716240446824,-12.578556399149978,20.5537517562876,-48.43822047494353,65.35885626564982,-26.314944097077735,-31.12350801594168,79.4569022073199,-9.22458470882155,-26.352618113478425,12.211498339278812,52.803006264688605,8.545199903970058,6.414329221360888,-9.440245088603422,13.58620046252548,24.171515882709688,37.626201714779114,-17.739040669455875,15.874717832880744,10.224496104160869,13.465491170673408,-19.887419117313648,-10.945613492164975,12.269486222380367,-5.003076763199319,0.9106325715583408,-10.978636240610864,17.791626423418197
OV:OVCAR-5,42.41139479739268,-1.8328998471472304,-62.20883757719773,50.52575794551876,9.150137325154423,-8.642112017045779,27.67379954808292,10.85501096008541,-0.6565553828456778,8.104147544103343,6.314696444308807,3.018456358148276,-11.12736732261022,5.120097772762948,0.9113875490575556,14.517092547189671,-15.272770988291926,22.492387599692528,-8.343838480216467,-9.89684041415022,-9.810697479471225,10.725848450220724,10.995737702724652,-6.03388052754438,3.413044512049699,-4.59282145881876,-17.73331575341512,-4.443745167582438,-13.69964199368112,-1.5281331731902956
OV:OVCAR-8,74.2230280203615,-8.025518571649153,-31.482929354462694,-11.000150885322142,-36.03775303700296,-17.368610250126295,31.15922406295469,0.7174433743863793,1.8735099628962688,-9.473646322616435,34.467872072422445,25.247936151892834,5.67517416144778,-12.254861912552167,-23.79815279926464,7.599659922471547,0.2951344519925872,3.966977754994784,10.300440792923297,3.9009085899323144,-9.16275197238894,20.49066346245735,-0.2360921587203748,11.262237794102136,-18.661925293920618,21.52636646413542,-8.538040921564704,-13.127271957448077,17.56301562867736,-14.302624544092597
OV:SK-OV-3,-61.12872461652444,-31.377013276747153,0.1959331576161102,0.9049302786661868,-14.903835975364478,33.6833384560172,-14.224902413759065,-6.239157170063591,45.652910158991794,-21.924455847354896,-9.977060626376524,-6.6764496703745015,18.70000145743083,-23.342212355318395,0.1337554354656042,3.6321480383476654,-8.232439757044261,-14.5585088626638,-65.77180107277367,13.846088851286034,-35.506196297424516,17.41954483998148,7.646519536979805,22.36919658984073,10.6601086653859,11.08901999984316,-4.396226586352107,-5.455185664903596,-31.484940725375125,-26.04335023069804
OV:NCI/ADR-RES,72.3572027665692,-7.91897159697585,-33.21660791611941,-9.908872137265448,-38.38225143801047,-19.364160276718216,34.33234367447933,0.626270061333474,-3.0168642304502726,-4.760806383137195,37.62888209675165,28.54450042556899,6.049848753168588,-15.656052550612872,-19.530120647327347,8.250080949641488,-0.599333650479799,10.88590842384396,7.895143422069647,4.5179568982209055,-10.240707609077964,21.634276804997175,4.9864912281808325,5.517581489389557,-16.689364064545284,20.66282230007236,-12.363770119483908,-18.28266243615196,15.863068847744316,-15.11871017049864
PR:PC-3,-31.908398743249748,-26.460773478791246,6.8392242201069315,5.228208512028647,8.941355012006406,-23.011813705347468,-20.079451185040273,-18.43305233670747,-40.39414731977009,-20.2843326451568,-29.469260119622867,-2.133446624155056,5.11947522932694,-84.53117944544634,13.585743062524996,-5.8399104411708835,14.516476205659556,21.009149729832547,-1.2030082988863895,-57.87998179541993,-37.75738933097263,-22.81649014468404,8.30346429185583,-23.01990594776818,-21.392729124408337,11.732279146809695,9.917444489775278,0.1290139453746603,7.095682541947655,-7.317354921530014
PR:DU-145,16.609549941560044,-14.86112669581012,-24.738541176186853,0.7256919380091011,-13.81366086889652,7.424486131466218,-0.9641367204054326,13.088503765555329,-28.93037843733344,-15.648153415430528,12.768016349713744,20.157702709127616,4.2666812702729615,-5.09577259265855,-3.610569957508878,2.634534263144531,-4.234954558546977,10.31419140832145,-1.0244392710965804,15.627477534861947,8.532507567052397,-2.4515982671310343,4.100826834931471,10.54935166149091,4.276740604703482,20.593847105040624,-10.68540789968208,4.612197568027155,-3.821307560852845,20.148162403199212
RE:786-0,14.255475077118591,-57.787353360381665,9.528184829133592,-9.776861625017808,30.614892239825547,9.804176581406034,0.8160366135658407,-5.322606809947861,9.49921138903693,2.3514477250632164,-1.284133802335812,12.66542460021313,-33.20315431516011,-1.9340364967352144,-12.56780375200797,10.160177464080109,1.3441626246492346,0.121261636833984,-0.3729192023308102,15.049717182874966,-1.6882060511659909,-23.28988798628876,16.429737040635146,-0.6965519907452183,21.836153822439183,17.97352994171824,0.4123487892193965,12.721503653877267,9.258559415120688,-6.52299813389533
RE:A498,21.860278193286987,-49.718739859378104,3.3147549513284487,0.0266408622375737,22.798154557935348,27.14968578008064,22.022204860929097,17.72978300619135,0.8136173151773585,4.354353143731946,-7.229092089694969,-7.348714577220544,-26.68232770636284,-9.59313208664697,-5.218777849974836,-4.239573252578408,12.64450061081066,3.612488166360861,4.548471758759981,11.45347163141551,5.885737361109197,16.965827946396246,-11.440449916696291,-36.185205163559765,-9.822928393275978,-4.307445956493683,0.5430285235591432,10.244726199377826,7.368544436241225,-1.9239483850266343
RE:ACHN,-45.203520370463565,-63.9067903847622,20.844193658386207,-12.197582772832211,19.82525168694212,29.477493375357863,16.077963691540145,41.622996911604815,8.57060246023936,19.247670883144593,37.7669536333246,7.858040885324975,-15.958790371580424,-5.561462831993734,0.02124996357934,-8.066960371689486,13.761888995445172,-1.6440953467207289,-17.17855268111609,-16.45489493846616,41.51698134383235,-13.951709947173708,1.102271664386814,-3.5410893384054973,-16.42790693257879,-0.5139774348344879,31.995870461620928,-7.058223022007746,-12.863691005142469,-16.687187446748563
RE:CAKI-1,-10.747334568449874,-67.85571719207137,19.7502597919182,-20.061888255755655,30.400607739170113,25.777123041302985,-3.582439816549819,10.616277016113695,-2.9182982475613666,-4.656167903802004,-3.920957714706587,13.934975818884878,-6.096311653340837,-17.826212785072343,-2.3807043882205794,-33.29963564324336,-7.2439439530925265,-18.970445180297933,-6.95436025564018,-4.919031646033095,6.926216417633301,23.48762635876593,3.944602960762093,14.748649133033403,4.723085921059391,-14.176385306408184,-4.544549315135336,-1.2135901445692432,-11.11856914147462,6.9204028301875
RE:RXF 393,5.870927964591208,-67.76255930653251,25.32134689077311,-21.226701649482923,37.69101742787527,12.309046855329886,13.546231475828142,-12.228644271619665,32.02211190971147,19.59733370174997,-14.883003356930232,12.968352698459388,-33.29979106501988,1.9268570788694,-16.50360932279481,13.004870180440284,9.011991801050016,-9.912839129991005,33.79113375210412,20.534077839433436,-33.9333615911688,-28.101634509596416,4.516829375540201,-24.566951201574412,31.83719290418401,-2.0421757119673307,-5.624471037766509,-3.895034959575488,13.503823433668858,-17.08464945913079
RE:SN12C,12.442596861202247,-45.51823607735161,9.437934925386836,-27.82880469421611,-15.39516658704568,-13.03087568195694,-10.380564682898036,5.005206656607032,-19.56955135295317,-12.351690861901242,35.404201380782865,29.571670478838563,23.87511829756419,42.29306018559606,6.320846565240327,4.64810479698466,-7.9840395836776255,9.320527570287249,3.057068552426479,-9.691780477678137,-14.239542755016682,5.544043719612466,29.671937856379863,17.88889121475011,16.93840738841392,5.83019882221967,43.513458476435446,22.4434143078496,17.814695522828735,5.028987911071788
RE:TK-10,-80.45307138020858,-52.51810747209775,20.390068242860508,-5.958490164820918,30.413272816627945,26.911805357261997,10.165534244417804,19.953055347247876,19.056340509842993,20.501243857027283,10.159805963669868,-2.9355453893340453,-28.067513614028424,-15.852855270761534,-1.888864373013232,-14.954081407935464,-11.915787349962788,-11.801479555332916,-7.271188524814621,-16.49558345635139,11.488510201866012,-12.535414076562956,-18.883216246745057,30.784396685296812,-22.11341309791154,9.741262970209764,-31.536167328617054,7.456624307341955,24.01088137444406,6.688281682627351
RE:UO-31,-23.729872241807392,-55.43766976471472,17.666592183997754,-21.816360516042067,15.771449218908472,-3.564824648975571,12.621875118286685,-6.335621032583211,9.833287623947822,17.95386437823658,21.936056638177885,32.831793171757724,1.1731207024804533,-1.9385630053513216,9.950773509770626,0.9520592433460624,8.754084267659822,3.769716729715112,-14.602561265931458,-5.851604520214336,20.102593629630107,-7.647810555572722,13.653940072045962,-0.6467736946284555,1.4519440273158646,-12.249996152059545,2.182815132475267,-14.489592894373205,-3.1368651048197673,-3.027514515994814
