feature,PC1,PC2,PC3,PC4,PC5,PC6,PC7,PC8,PC9,PC10,PC11,PC12,PC13,PC14,PC15,PC16,PC17,PC18,PC19,PC20,PC21,PC22,PC23,PC24,PC25,PC26,PC27,PC28,PC29,PC30
NSC_673596_7_Ethyl_10_hydroxycamptothecin,0.11696627512101847,0.024966094305582498,0.10333857482186999,0.028276710758370842,-0.04563100773801235,0.025724932239838804,0.13424546937236298,0.043172176255944744,0.047035125935687525,0.03081347263699427,0.05385985813403995,-0.03238380423798417,0.008788525933629315,0.13473819152316108,0.1056851908176942,0.13270828022251804,-0.00524243841180708,-0.023429185547067632,0.1787783674756634,-0.044764917646809725,-0.17387083479651402,0.018837552584436,-0.05510247115300678,0.08595959526459428,-0.03218072333706428,-0.11858176888859144,0.03688385993795164,-5.914789083296007e-4,-0.14425969038878808,0.041436117373523616
NSC_630176_Depsipeptide,0.07429571262315221,-0.02316539935618678,-0.16659869418529008,-0.022439843486885682,0.021982312460271245,0.2349324357836648,0.04548133462994678,-0.029613038089008482,0.07311605794029553,0.06510162094571582,0.032277717443465324,-0.08314406537657344,0.06460154154432225,0.0024933481426854566,-0.012757564536885986,0.006844203243244876,-9.129982639925881e-4,-0.010869972748485567,0.03470708566579893,0.013757383161001032,-0.009540703355645754,0.06905460901673634,0.01103950714162672,0.01088375680314229,-0.04254471960343412,-0.028336468061059383,0.021258432297948535,0.030860130610009116,0.040636477758691544,0.05431786409250769
NSC_82151_Daunorubicin,0.16964132373034485,0.00988698652363681,0.003415018419550461,-0.030809930448092913,-0.02960918135774274,0.15404133702699932,0.08466912593105307,-0.049754368768580214,0.007365210783332607,0.10051489472986642,0.10408071641335466,-0.07892124462232716,0.0393704003713341,-0.041987675281617905,-0.030878313104020512,-0.023081980941322643,-0.05337106300278228,0.02241056421731745,0.029985895651527168,0.00957362791176508,-0.015771528505146515,-1.6617493504692351e-4,-0.031940975439052145,-0.026732092023206373,-0.06433066386997191,-0.05595034422663058,0.008293136645962738,-0.013642459849358492,-0.09515816884015846,-0.023848593091335236
NSC_722134_Sonolisib,-0.010326378242670905,-0.14440589450915112,0.025181990750708646,0.027320376992429538,-0.009372930142420171,0.10702535784060371,0.06649337785072289,0.05110166361594131,-0.059285975844743787,-0.05731570017319553,-0.1005157683030291,0.0534429214960063,-0.1356062047595827,-0.10277724799247516,-0.19548043445524146,0.05568432184777761,0.01984664794467163,-0.05243993421577349,-0.07497329083855009,0.055576874898484584,-0.06499785495986954,-0.09828336148087619,-0.03154679744704391,-0.10158484339360263,0.014231163309010662,-0.03465290205679189,-0.022160665749675026,-0.011156854505184945,0.07654161107146128,-0.016783123455269364
NSC_707389_Eribulin_mesilate,0.11480840313178464,0.024780954218332752,-0.12796969670781608,-0.05108003248843857,0.0826842604350651,0.10464582094943288,-0.026717078503120367,-0.0943713824671126,0.042106993243350065,-0.01650620637886035,0.051297268949715834,-0.012441529005627575,-0.072716893146958,-0.038779983016235364,-0.003670744566895922,0.07128896286368075,0.06233092768695942,0.02960881735769152,0.0491552964152474,-0.04415478459725999,0.03865757849501846,0.10172151725362463,0.059794432479161226,-0.02084400485624282,-0.06032584899814357,-0.09932697603157001,-0.1243536951060625,0.16314634158949784,0.011409808098113396,0.0021564519706239655
NSC_182986_AZQ,0.1418767118246246,0.04169382423977607,0.09948783702430558,0.012425088851114844,-0.040003490985929105,0.034892264966903154,0.15241784792377006,-0.026193421363243027,0.009919496584891746,0.012436287039816625,0.06324490339717864,-0.019266411070848508,-0.09186114003797836,0.014313843888493473,-0.012673523859812528,-0.019547139864476457,-0.01645189696563122,-0.09853655857976036,0.05721287767681398,0.05814317281149793,-0.013030023676178878,-0.019795849956730133,0.06061424318802104,-0.06024844444924695,-0.14940963758110914,2.3681947535055195e-4,-0.07644095802228473,-0.13901846812725085,0.0457945113005996,-0.05330379431257201
NSC_145668_Ancitabine_hydrochloride,0.11943280916082347,0.09452868045902486,0.06797755434506278,0.08641888839366539,-0.11138651222498218,-0.013854660993524597,0.15089544564087753,-0.05313650594331384,0.018520759148553407,0.036010561524186975,-0.045823985286597514,0.015358761817473771,4.260996421728914e-4,-0.009410028420234704,0.02340468541754638,-0.005133803739656142,-0.033204972008102344,-0.04414234784019948,0.04416621566029591,0.09740280924977489,0.022819157313772927,0.040576384807832856,0.021681620259168505,-0.060528281391217895,-0.08523184606355279,0.10639122108891524,0.045746832442168484,0.1616124319627347,-0.048666436678196576,0.06139020093616184
NSC_241240_Carboplatin,0.0564873333626599,-0.01005648050163995,0.05681696529595442,-0.05226174665394041,0.016829441381199073,0.004108455021883071,0.16843838223650767,-0.024168504931314228,0.07897594546837931,-0.08764061847860084,0.07529561126595995,0.03540168200540389,-0.14822430118722976,-0.08337451097411006,-0.2310336580684785,-0.07047143078288727,0.09430832578209734,-0.005908768272553722,0.04978766697418912,0.09316727511598975,0.1186491861970606,-0.0834337182237679,-0.09910823568615665,-0.05205753589545776,0.02292186181638015,-0.06653794000508487,-0.07354737420552884,-0.17816798540570397,-0.05570081971419994,0.024386922643748043
NSC_707545_Alvespimycin,0.09567321462775312,0.062158949534074304,-0.10212179561696734,0.024504787744828418,-0.027544151061317083,0.09454479548786943,-0.02641292969593023,-0.06748756251646805,0.09495953477252211,0.1709999927677829,0.03737925423267293,0.07564314598570891,-0.010013565676815689,0.08493783567216512,-0.04816448930813567,0.06933006043093776,-0.07453579120406983,-0.006115602912036207,-0.06246668820729824,-0.08379405802769034,-0.13734951288571157,0.0096776311386139,-0.03470961893108937,-0.08164472418471665,-0.04183777477970302,0.029841874178539812,-0.0427223812991666,0.03652164984616505,0.09932642208025867,-0.0052824270891416005
NSC_760183_JQ1,0.05597361463180389,-0.09484293892089085,0.020850513989219895,-0.016706261881329273,-0.08729450683298819,-0.07228757937043233,-0.10465289505418736,0.0035778575901399445,0.07857031843694083,-0.051064717337661235,-0.10572108218965334,-0.07550097534318868,-0.18350109713649473,0.010226756863619341,-0.025822084929444346,-0.029335362310015805,0.0695451975253662,0.19199077341670226,-0.07827962672685075,-0.002775045832649282,0.04933190130679477,0.055338704241299504,0.1609042745504131,0.19053316382334526,-0.04749573581272319,-0.01624667233262506,0.046048261090693925,-0.15404128531260913,-0.10566743414089287,0.05637560551406134
NSC_781515_AMG_232,0.0669742429920009,-0.05267196190566808,0.045804036227527094,0.07052144135641915,-0.18016000645078706,0.03747638136058345,0.09940267183782064,0.1121464658268045,-0.1048071537564037,0.015320510080097832,0.1332902158309828,-0.018793014751920748,-0.04981619741153589,-0.16519654866743613,0.06787271486808392,0.08092593420201255,-0.08964166461458853,-0.03116474569918102,-0.017057417863135575,0.030527282231842416,0.14349077168639535,0.06262712867824281,0.09686613697263974,-0.05500966918641118,-0.07342628710670387,0.06179234336799428,-0.02392392887928472,0.09118180214419047,0.050558471197062936,-0.04351528356608636
NSC_784815_AZD_3147,-0.004315980809881058,-0.13705210360075454,-0.09347306644001895,-0.08370603596022624,-0.025161138612328906,0.1668970098507645,0.001808943951690721,0.01869638196587714,0.06659938113893771,0.082827849937567,0.007407714171547133,0.07773890361884334,0.05823895867512927,-0.007618697664492981,0.07364593043397792,0.07243464272931457,-0.0814445887910858,0.05294879349772762,0.012636645510275267,-0.10157145184519237,0.09664414139952555,-0.020765322588501545,0.005874665132105272,-0.03969520648980109,0.050115632013281314,0.0704121997556396,0.020962874947204033,-0.02701387521103119,0.18048376534436625,0.16497099194963533
NSC_764091_Apitolisib,-0.019673221492441686,-0.16945552070101344,0.004126888819865046,-0.04965958550411684,-0.0958720051780291,0.07309616527907348,0.11068525799768718,0.00951685952956872,-0.04635108123086644,0.07646149738806453,-0.1434608788226508,0.12472697614323089,-0.029126174139949987,0.011295673448358285,0.02743060914831996,0.03324795725483576,0.030939494132901826,0.04179582587286039,0.13132603591465394,-0.03173129689849597,-0.02454632997399318,-0.05571202096291408,2.0576081289080475e-4,0.05261888225227407,0.02261223332008517,0.038199507251981055,-0.10133396673795317,0.00819354137684388,0.005479848568640539,-0.05172963135582411
NSC_757444_Barasertib,0.12782598477002854,0.014383032125683889,-0.07996072423570946,-0.07706055156919447,0.01679021995759365,0.04087930537619049,-0.026515796367494952,-0.0802745252739347,-0.054384756192964914,0.02725282658406028,0.06670271060671949,0.18571585281480346,0.10239724465727458,-0.05701736284188764,0.052562864837612,-0.016137462159456908,0.12413597391639272,0.0930375844798978,-0.049863280257344864,0.10058023691553325,0.1254606852158417,-0.019034382164366054,-0.02877287661376478,0.057870847930505266,-0.0821205352599025,-0.11438319911125568,0.08321711900279632,-0.13277204221885106,0.013368006206574207,0.05858582911294207
NSC_681239_Bortezomib,0.0719410271523173,-0.07803296940055258,-0.08717730131276286,-0.06752630097689132,-0.08706378648572226,0.04758850420898366,0.01246917261066665,0.09499900584390276,0.02219236214317107,-0.02161781816727914,-0.007911457209170691,-0.0460924270489579,0.12891895178184914,-0.06345778892404359,-0.052111175084769694,-0.009438516111005693,-0.06177805048748927,-0.17231944278703673,0.1480238826652824,-0.13382888729567008,0.038412016682251776,0.024082229241920262,-0.09710404185548603,0.1377878083980568,0.07774050154200897,0.12625816652088606,-0.08004890609309387,-0.09252828693517506,0.10901507215177542,1.0609068100471387e-4
NSC_49842_Vinblastine,0.1319306980245556,0.03223352326782434,-0.12095374507614741,-0.010652442465312157,0.06968297516345565,0.09466688986210324,0.06771605598250509,-0.025644827818485715,0.12433816554453066,0.03984927332181143,-0.04395705298842601,-0.02743389323985876,-0.08868785307823872,-0.06849794607544642,0.005948788778725318,0.09316288106274963,0.057174694734285846,-0.012812294402046426,0.019039334914190565,-0.04012161432994659,0.09741583910851075,0.1773367663712317,0.014395805930702001,-0.08915821021613049,0.020537179611390448,-0.1049727717361154,-0.013635457883573458,0.05093054382634048,9.842143193542305e-4,-0.016425259275480095
NSC_781468_CUDC_427,-0.02222066082826515,-0.04984534322274329,-0.028959301686047118,-0.07196873238335015,0.01579087949895981,0.016671274250741695,-0.020314293341976673,0.029926982742663737,0.1327028347200177,-0.12463789051915773,0.07296473033037683,0.13806326960423315,0.02353255012317655,0.14929167441124427,0.20786377456248406,-0.008675005834420112,0.013118538779051924,-0.0469652648054021,0.0983136906135704,-0.08397534282411177,0.13321115436696568,-0.008411427293035153,-0.008542313695266564,-0.15518975209327696,-0.020601908674441876,-0.10904625564869908,0.030135929424633674,-0.0811482269612314,-0.17307351351637282,-0.10903137357784252
NSC_782007_AZ_628,0.005547772501664063,0.02788437009658784,-0.18925140699515636,0.10886814428627728,-0.17590517537380423,-0.10124608631758424,0.04636306796003384,0.054341774321325795,0.0510419683621175,-0.07294615728598319,-0.026009276742078234,0.020765825314553163,0.015456907916530248,0.006356071490208044,-0.015357270503725283,-0.07241899634476368,0.03751874887402998,0.012967912807189784,-0.007308582914612523,0.028287037181478684,-0.021517816665867277,0.0027690595260459402,-0.03803755113550184,0.019625443001897967,-0.019748290059432395,0.07031958026231301,0.0830944591116987,-0.04588188757780926,-0.002771227152289893,-0.019419997300664356
NSC_226080_Rapamycin,0.033910704806765155,-0.10648616330599273,0.11077959335196769,-0.09704772856669248,-2.382965559870926e-4,0.01999657326524875,0.05610515909862582,0.046217698836318495,0.009917340745326785,-0.032915897512143424,0.01700944124369004,0.11255716689098766,0.053793476067151104,-0.047637773602487686,-0.024704104787215322,0.002122733897922295,-0.1579279237894866,0.0036656753124478685,-0.030669685945530226,-0.10126977227795796,-0.04711639974927303,-0.04168560986090535,0.1389347962360441,-0.1518283553402475,-0.17093347599664144,0.11237168951055077,0.09990038994919963,0.1163362993651752,-0.09826445595262928,-0.01312197286068759
NSC_779218_CEP_28122,0.035304168469746405,-0.13430620408035918,-0.03693721541370741,0.09546625357506387,0.0013937956959580986,-0.03901601858040969,0.025005274594360652,-0.10867456396377366,-0.04358001151676927,-0.11579560331006003,0.017078322837623575,0.11717569869780245,-0.07309838090935944,0.011435025952191105,0.04021679936091884,-0.2106788919713447,-0.23809175183356793,0.01106422252136524,-0.05913539334495895,0.02227679084391314,0.013488172399970692,0.05457067964029078,-0.0026480245967310146,0.009866824064238403,-0.03728018498058667,0.0834611610451313,-0.005947244257611216,0.09224219929543036,0.044283714717357724,-0.05632881037968474
NSC_788121_AZD_3759,-0.10079371240610142,-0.07828458598506569,0.09785206072992353,0.11498878717001945,-0.04366038126096932,0.1190177440319946,-0.14372271527321853,-0.10140101136884004,0.09586908612951987,0.041728918492022704,0.020472657593642005,-0.052952108198955614,-0.0855338048531067,-0.03907722920478065,-0.018186748569550992,0.024166044354574118,0.04284222836412114,-0.03469061617433944,7.682740332873674e-4,0.08596675318432419,0.03232156519058634,0.007034335413668662,-0.08369883388952422,0.0630508650726822,-0.0029832706364007755,-0.041460600660654795,0.05832573197496543,0.014841644352082834,-0.0820385835466532,0.012313875868362875
NSC_793677_ASP_5878,0.08741333578443566,-0.1150177875260298,-0.017139265493404575,0.018198551701579455,0.058133036320436586,-0.019874043926294497,-0.03308753280772005,0.10596422693886672,-0.0299936653809678,-0.20242276175216325,-0.02367295157772337,0.0023651891258460764,-0.039219406070110166,-0.13113783357666067,0.07399247340889892,0.04690371446836131,0.054168552417941766,-0.07036240235341426,0.13255642234391374,0.014567234518051964,-0.09424324460382988,0.09400289285604846,0.011420681701161828,0.09587204906852627,0.05633177464119695,-0.03270612027959353,-0.15759605035784546,-0.07433875829611591,-0.14248203968231693,-0.09584183364331425
NSC_706363_Arsenic_trioxide,0.0935873273613327,-0.0027126689089365876,0.008497056629784039,-0.15684188405297622,-0.02009775417158222,-0.009151254522628402,-0.025150740176137134,-0.10554336783693723,0.10042719021636583,-0.1332816370565512,0.11900600778366807,0.048091523369415023,0.0166990643894167,-0.08001413692177754,-0.06935065224855522,-0.07550767608781996,0.0020337522316323845,-0.007240966253201171,0.09727583179520058,0.05348919584280029,-0.02391982954551557,-0.0344635202269981,-0.055317107275589715,0.14397870010540412,0.11612099061300568,0.07799334048646432,0.08648492960345983,0.08272132162440039,-0.16430982588512927,0.06519000719660747
NSC_125066_Bleomycin,0.07940919704127834,-0.07000041287281121,0.12337714243855384,0.0873927066112143,-0.0038571641541449097,-0.02566438789249212,0.1954880138345967,0.03629530639415271,0.020198848990685296,0.08452235769901524,0.12063294436059599,5.7166205077173784e-5,-0.09040306111755286,-0.005934582224140645,0.049854214849530676,-0.11227858395387988,-0.042438463068151674,0.006557992686645179,0.02715549486193943,-0.009442264432530656,-0.04707991292434467,0.01837294788624249,-0.10860564908106765,-0.01121644944832711,-0.06692247234694586,-0.07992180573347335,0.01510771477804148,-0.08091796752557832,0.07090660539620701,-0.019293660338891967
NSC_368390_Brequinar,0.14627666307219614,0.09258274492388285,0.07204307525100316,0.04279709645716271,0.030177935345748957,-0.03710190310526919,-0.04434973007878824,0.02556183890204393,1.3382644423815747e-4,0.10190936445465872,-0.010615331700378455,-0.012723721208839842,-0.04442871173929247,-0.10668306463280074,-0.03881192668171571,-0.05735218061868994,-0.07561360751103799,0.015234832065908201,-0.11907125405994434,-0.047051869850752964,0.01922882717907122,-0.08789526120254579,0.12102026122393635,-0.1024313442120492,0.046845065729623214,0.11173551313510957,0.028369459814333756,0.01684251325430956,-0.11136138473620182,-0.07691826349959269
NSC_794646_AMG_51,0.06797201921788713,-0.06113140537143762,-0.12102841719226654,0.09559129362701498,0.050578270633873386,-0.15594741200066137,-0.1030549568505624,0.06693486847021711,-0.003234895122816009,0.11804335183772037,0.006195747593545992,-0.05476630571747271,0.027376169914277156,0.11404338472569991,-0.11956964108826434,0.06450947567841621,0.011232668294356311,0.03422925328500014,0.07072267438518513,0.08249588552271458,0.05697984758281694,-0.08649501047917149,-0.09748794833503358,-0.10916728373938289,-0.07833999882848014,-0.0741811765493606,0.005085914609834948,0.03999560540825235,-0.15825304202152923,0.005471261566590829
NSC_755983_BI_2536,0.10692879037685295,0.0516178768171775,-0.07007605373667335,-0.025955174942204708,0.12121402416473476,0.09148794124454401,-0.016354450365525172,-0.10275190874296662,0.05859324456578242,0.013701702804916196,-0.1454022010086851,-0.017742881939742997,-0.03309826176155092,0.10808911081128879,0.04549448283818726,0.028630551546779664,0.06678568123922363,0.09469206221910575,-0.06444908278362717,0.11857211068390204,-0.021875509419818598,0.022514456933678994,0.04459400432543033,0.06998354638586973,0.022231061607431806,0.006604553752295066,-0.009932759930411952,-0.04788013783951178,0.03826573944402053,0.08840209398936978
NSC_754346_AMG_458,0.04960445649605031,-0.11822685143699843,0.045481897271883086,0.09186804801742515,0.03174365858704832,-0.11612617548010337,-0.04855209519964654,0.012345199159409377,0.1619024984675143,0.042816502917453717,0.06176301067490855,-0.10581640395057038,4.7777863753191695e-4,0.06905407525554333,-5.193634197923588e-4,0.1465399862554664,-0.03727804740724693,-0.08147952249882763,0.08956374638197144,-0.02961759712646159,0.02652827522271206,0.008937703927340187,0.013033590948345837,-0.10580741834320152,0.09954950330600645,0.12186356337562525,-0.06079645659262474,-0.08665982960106103,0.04020711672437832,-0.11060845300883385
NSC_125973_Paclitaxel,0.11111986905625436,0.052792331274552295,-0.13415672205486695,-0.06072701716866418,0.07913851811498857,0.16487996464243065,-0.03401382859427755,-0.003862386472627905,0.07982661838698456,0.07115504346616289,-0.07530123269920531,0.03657770386466899,-0.042786110671654984,-0.03127034770235007,-0.0600543055988391,0.018309811182911494,0.045073814827604766,0.006122307110813516,0.0597894877736536,0.039757399134169605,-7.859305230853265e-4,0.1151876393620651,0.02605904815716736,0.030135510746576097,0.02932580919289683,-0.059632146876885526,0.01378244110129164,0.07714144889133916,0.0826420836790949,-0.0370651955429934
NSC_132483_Aminopterin_Derivative,0.10032872658118512,0.12527823826756776,0.06033314936077389,0.1515579075500984,0.00678722110861478,-0.048940920369646555,-0.00783423647536239,0.04164662389062862,-0.014749589185915495,0.06375584943407409,-0.028081335734961608,-0.012492361555433443,-0.022822007450843597,0.007208455414929124,0.00934279432114972,0.08190124942918901,-0.05385369240117787,0.0916539183147984,-0.07464135276338413,0.06612193337321189,-0.03304194844678333,-0.026678753743206333,0.11857072963415939,0.05160423628384245,0.14998442273724072,0.09003289003510986,0.0031327882323531546,-0.04069238398698106,0.05333594557989059,0.02355393501142316
NSC_102816_Azacitidine,0.087278206842543,0.0030193953821350495,0.03121325097911236,0.05656468723374725,-0.025841310758695907,0.013675557383596224,-0.040867530691916405,0.1396250513854202,0.01972159296106204,0.030376356555302783,0.0633174126417696,-0.06111095939506571,-0.05495230718170399,-0.07040951090954407,-6.159505713261112e-5,-0.20064627397953994,0.28638283601205394,-0.07198880287075035,0.028570426767172565,-0.12853866828658128,-0.04344390448265897,0.13682684115920915,0.0849056019480793,-0.06829318571609926,0.06122267481677585,0.05136144020985792,0.11996644572421335,-0.04743899138677659,0.03388519822001268,-0.15118421069304452
NSC_88536_Calusterone,0.050035792844218656,-0.0635599450635116,-0.006216907840051925,-0.1262187770964555,-0.09935963255171697,-0.12872378768423381,-0.02790343076643596,-0.17958966470835858,0.041700751021861965,0.057875027845647596,-0.07848108004235572,-0.021143189148677178,0.10133421099921579,-0.044289003843144575,-0.020399478841024474,-0.02504781823558561,0.022887819443318975,-0.15506299294475306,-0.03068944139481383,-0.08380859945403844,0.08083313548628147,-0.005762728915797903,0.0652806795711078,-0.12978986526013658,-0.022736246713260192,-0.013021531772380515,-0.09509526307335857,0.1517016048475628,-0.059179219008536316,0.13226621618860857
NSC_781008_maritoclax,0.050278906004635936,-0.030910664043945907,0.03856391946622608,-0.11443805304339973,-0.08520532656489654,-0.08751951077155201,-0.07895043041884206,-0.08267255965465932,-0.041138586901301004,0.026628264913571068,-0.06483304851708603,-0.16820056230091235,-0.044352881653685075,-0.05743960742325591,0.09213349523396429,0.03439748484538289,0.07803249475402978,-0.1286604920695198,-0.05133697168245911,0.11346824384700577,0.1360854632490312,0.09420395193388177,-0.25372104349925634,-0.14089973737177597,0.16202618597327792,0.032688806731148407,0.029680177117072624,-0.11002676464610989,0.05344715676629725,0.03186624193452075
NSC_791328_ARQ_092,0.02190575160113084,-0.14102770158187022,0.0354287079748612,-0.0713734466532811,-0.05814084780069259,0.09320296471869355,-0.028881757829441964,0.02695279433425059,-0.009263484736043605,0.111499830610647,-0.19760236431072453,0.17166157336879348,0.049953433793711026,-0.02664985723598907,0.004803423416888085,0.027426549739543404,-0.006486352500471971,0.0891240651905785,0.08502000016915941,0.10032254815300827,-0.061209779284568076,-0.08177883901669329,0.0528153472559152,-0.16086537886086288,0.08352020177229807,-0.04212069866854255,0.0041833879896953025,0.053707729565231795,-0.0961831537126104,-0.01384456789650104
NSC_795142_M2698,0.006459929121970708,-0.1707773110673192,0.049741121409332054,0.002022417832851987,0.021453968679608797,0.05117359884809343,0.04833054951950468,0.04312193917711601,-0.004138943916672083,0.07875225285634113,-0.14833031237663177,0.13834798167605206,0.0826051536476432,-0.028263667655058073,-0.10776929677293463,-0.0029326675218498246,-0.09375250881153945,0.05717814990831971,-0.016051291797792622,0.06105568666745059,-0.06162444372943107,-0.08962587527004498,0.05190774446150233,-0.04657934632499044,0.10711877153712278,-0.13681934937005322,0.03428130685924581,-0.06306452157152083,-0.09090728255353724,-0.06783795380352386
NSC_780249_AZD_6738,0.10995739543639244,-0.09353896248027313,0.04589934044167446,0.06478650583033049,-0.007044978316350679,0.14445945217412745,0.016706580881832682,0.012848240570251333,-0.02961942685171744,-0.1439854319702046,-0.04185683492495583,-0.028327723853676108,0.0217756328623064,0.15553680119341762,-0.0077456736543162616,0.03761627503590671,0.03572140168807551,0.07671765673131134,-0.06789701724458852,-0.153302751118333,0.025087829473170297,-0.05234424935501095,-0.07238668753767497,-0.03158509255750798,-0.043127024739951544,0.0193507657866827,0.004239723518107026,-0.07369358542502344,-0.008971381632010899,-0.08732553612468044
NSC_761931_KHK_Indazole,0.062330188076898,-0.027463111433425426,-0.10928983222288934,0.04417086340954066,-0.010152222244079832,-0.10475369313910238,-0.02955206839361819,-0.06848521226273106,-0.23583958287442736,0.09993218595123353,-0.08279924540678639,-0.15799410854967563,5.154239631125121e-4,0.13290901200697897,-0.04787256115611963,0.0578644915548048,0.03149117007544944,-0.09456583035936446,-0.009993521189761063,0.03226768531027594,0.06862835770510584,-0.006604800827845472,-0.045786531666702095,-0.05597779586205753,-0.044312904511742746,0.020097296275190933,-0.10548046664943282,0.008983980336463287,-0.09342238257044203,-0.01194029801708962
NSC_762831_MK_0752,0.01675614715828837,-0.09071958014810368,0.03527456215713943,-0.019288269341660176,-0.18253165629044088,-0.08503913749126905,0.010898973850176562,-0.003906874647554865,-0.022286893689289575,0.05888034617620724,0.0222636482361005,-0.14116939452831875,0.022334158761833943,0.049956481972230245,0.04653374622444075,0.023835883366967563,0.1393493461452486,-0.1889233527921068,0.01525391477436019,0.05975808064057277,-0.03732200392916222,0.0222918231694205,0.21840615074108558,-0.00602440561225767,0.09205139039349343,-0.17932770071139567,-0.011388937952287077,0.13596884831480557,0.012305651896358146,-0.03237489956719052
NSC_320846_Batracylin,0.10543777798816217,0.012020071047436904,0.09423835868662922,0.0368928017572482,0.058498862985573254,0.032602888935658665,0.06838688016077038,-0.09382863178838766,0.02885086106833393,0.0036044033321014227,0.017900257869970557,0.06610534361461579,0.10675770955544314,-0.12391096879897454,5.389237206539594e-4,0.024171088879222626,-1.4040894099311106e-4,0.007223412307505442,-0.23921147323247424,0.09340981246534583,0.013703895578109419,-0.0735417547328304,-0.07454037743561139,0.09929954256522061,-0.04863905848128441,-0.06969218834091963,-0.009472320757033798,-0.03199769756925275,-0.11321105440934684,-0.30744881820069353
NSC_238159_Nocodazole,0.09525010935307728,0.06008136334437958,-0.059136103690019516,-0.001266483757208493,0.09876714545438714,-0.04233205462175359,0.028058278274170966,0.003619116442115195,0.08345048114671016,-0.04583351315788855,-0.13125028898849328,0.05920830930780066,-0.1032327099621474,-0.13875543683426655,0.054491094252379774,0.2035787133797927,0.004224194253625093,-0.06607956679148158,-0.04535391061437219,-0.10112167695097672,0.11119830217783705,0.17310239040698783,-0.090609065958802,-0.09696117439180718,-0.05423791884953233,-0.0586874872215537,-0.06569575951246204,0.12572904184828881,-0.10270650437818754,-0.023700718552349
NSC_759659_Navitoclax,0.056976021429350564,-0.09275094329532105,-0.006549708863599541,-0.016886127755263512,-0.05917167583285744,-0.011570456613924246,0.020325256716850072,-0.16065081173645274,0.008950923795433432,-0.16838267799781215,-0.1379906423799595,-0.11150700388184523,0.27570107514984254,-0.040424938190296,0.031030779208621,0.11006047541387198,0.10322908899609426,-0.0065527889922682775,0.011351901518329701,0.0012252602188921617,-0.002292564936479622,-0.011877224382351437,0.012502325463877638,-0.04867940839476565,0.023146943970792467,0.03845198788656146,0.019505096409262093,-0.030065321846234234,-0.0067272840688080825,0.009428280752825443
NSC_756875_Nutlin_3,0.06303082480785617,-0.04323993280112017,0.07795109196465715,0.0614917575803469,-0.19120555672564013,0.021606035875682376,0.07577273165616734,0.09653394641274815,-0.09925304383683241,0.08160986368478056,0.1976736308108083,-0.030375438059929493,-0.07543429140661886,-0.06896345375890968,0.03111460461838819,0.031974590929855704,-0.03129542517460446,-0.0572849426394684,-0.07138592521886944,0.033431180047022065,0.08512372202886127,0.1479484892611363,0.08618952296483463,-0.04209446340558234,-0.010714020071120683,-0.015883249815506296,-9.753454141224464e-4,0.1021210267713466,0.05754035796015274,-0.04978784152208851
NSC_24559_Mithramycin,0.06828373191997335,-0.06090051847464407,-0.12359270331457481,-0.013629121804711986,-0.01945145246307631,0.22447067638658869,0.01051822027522474,0.016780111605320894,0.06607150070628824,0.08425111493936462,0.11544861025647368,-0.0982404214274264,0.05490838981328214,0.015394249598198996,-0.004183844725375968,-0.0026472197999656126,0.01716125781028185,-0.07664892459598768,-0.08814505058850065,-0.055144332578337577,0.005937707321604198,-0.1563176619574221,0.021428579000810122,0.06628178626544039,0.03490354787284887,0.015300131062891624,-0.04360596869871231,0.05441149075410917,0.01827083241813313,0.005625646002541773
NSC_3061_malacid,0.12529380924601324,0.09864775082691048,0.02829529445662607,0.059727467509302995,-0.03749688155053703,-0.04588011142355378,-0.034004321694466225,0.02381716332014928,0.06553285068025504,0.04309398544920157,-0.04009584798332361,-0.07084881148272455,0.02389437460902306,-0.009415869198239843,0.004505587454398696,0.061951603489930396,-0.0696332531571562,0.030873686406186967,-0.12360365869356597,0.10950183351834783,0.055156668953576314,-0.13101396846925842,0.015466514384133379,-0.1038879081016408,-0.03925733121124859,0.16181084464322246,-0.22661950907987918,-0.05639079524897154,-0.04791964501484294,0.07078858869255353
NSC_772564_IDH_C227,-0.025609050621391412,-0.1096411297113467,0.033906360931267296,-0.05206990701735732,0.11839167945463565,0.02618917199090219,0.2045090606366817,-0.007554315330905928,0.07513221108639175,0.02734776422737745,0.09860841588683006,0.026177666031635596,-0.13851112504433083,0.007189342870220762,0.06374800115347015,-0.10264653457920472,-0.028273083720965358,0.019488562043884116,0.03079099441456095,0.006295818752509546,-0.14292988788979497,0.13224963039421422,0.010301197775316328,-0.024106018780580513,-0.021039975381535906,0.09656601131421254,0.07523839819678958,-0.05099039988849167,-0.053764349471491744,0.04805099241476313
NSC_773230_AZD_2461,0.0622522662282939,-0.1016545849427169,0.04368060072129049,-0.0685966475133995,0.050220931569183586,0.005825694023939995,0.0981879803183032,-0.003708191979303196,0.033955051036142,-0.03280680286624888,0.08790388795666129,0.11897108466714792,-0.026757828089011997,0.0260091326564312,-0.08817922459235612,0.15150061976030862,0.05296997751984809,-0.002084494427516999,-0.15568169141441124,0.006019591354043097,-0.2916461653221726,0.09628499308035804,-0.008249137929717716,-0.007197177101635261,0.12914792929665725,-0.0339955730102317,0.09576807840561603,-0.017114708119277688,0.1467032812498772,0.12679213003093315
NSC_810717_CG_806,0.12581017216556298,-0.07686026005989895,-0.05629122317900438,0.12944625149279052,0.07561145868668136,-0.04984809320826168,-0.04348962273076039,0.0028670115529680507,-0.12449225926994135,0.06402094094691506,0.07171710955961247,0.0761106544392609,0.07714646561564203,-0.06167228729241653,0.10846280641949888,0.021642229824608988,0.013774445542418773,0.023255296412007475,0.06582777060282771,0.031019622669046464,0.07089139380442058,-0.016807356495573637,-0.0779128832645825,0.017321471018608786,-0.0012246471557008707,-0.014102413885634114,0.08708508427108856,-0.015856160297200238,0.028437641762046315,-0.06335490922098164
NSC_808790_AZD_0364,-0.014734905344539794,-0.02077687317857529,-0.1982421113498886,0.1530401889120394,-0.1451710606019688,-0.03433837456697084,0.020526977151647204,-2.455508522731836e-4,0.018786612483184712,-0.05520907538008887,-0.0630611038614426,0.00907567092419475,0.024186207642159823,-0.03142839194384509,-0.035136212490492036,0.005285449083555998,0.07644473021721378,-0.036516338957211056,-0.01003909988747445,0.03551725476591108,-0.07601168064445175,0.047757409484102675,0.01206213025322128,9.346489350237785e-4,-0.05811512463164822,0.04216733216961484,0.11134266469983907,0.009881601280678385,0.024579468323117026,0.006718739452214301
NSC_791966_CFI_400945,0.12180659400377211,-0.020004611596542318,-0.053422650320645075,0.004644330424155249,0.06576066571693934,-0.13134885645244962,-0.13129865735275129,0.07196096764089055,-0.11875527058287925,0.025122745549325892,0.049098601541587794,0.10832150326696569,0.011496578716693528,0.03793111783590008,0.009191357559094403,0.0017182188168083578,0.025487611203625086,-0.0662668485314799,-0.0315847307484092,0.0779520251126503,0.11762947388708278,-0.1298518932639835,0.033333563670564635,-0.06686540262237925,-0.057550223549552915,-0.13079692938134702,0.12809299829964355,-0.03485009043645924,0.07438196460714434,0.11796768991431004
NSC_639966_Perifosine,0.07437301275686033,-0.05122132102171473,-0.009273802121201482,0.04550782560919328,0.061048003200939754,-0.03437264196986739,-0.06423615996425532,-0.19761418154918348,-0.07477835627727683,0.021409515395300213,0.008660901122182083,0.13655342678469629,0.07060360032562012,-0.06177616990463346,-0.13713400835343462,-0.012252280585827249,0.08930848114205643,-0.10722612018947433,0.07689012905352874,0.03624069018525453,-0.07380871071780931,-0.09677875458906725,0.1641771053549623,-0.16392982600239264,0.12254686861288899,0.0022579384718041393,-0.05825757738473901,-0.09608612651777652,-0.08769672958893251,0.1471776722427844
NSC_758257_LY_2606368,0.07127783815310121,0.047643973005894846,0.05042910030026651,0.13835758016144803,0.027381771076258866,0.054318046864840375,-0.05349198429703233,-0.03660207365658985,0.05033772843488077,-0.20138998926896806,-0.039794929042962925,-0.015898519586237732,0.022567486085757843,0.2008943268812547,-0.05775576416370504,0.14695352770734446,-0.03185838107821667,0.06700413127387532,-0.01851155843912823,-0.1495416650300865,-0.03878042809332084,-0.025437865459121044,0.03527211473789547,-0.07776606887439699,0.001115764836596513,-0.07002707073702354,-0.023962632876483682,-0.08324148211108222,0.055081127760469556,-0.01352564685295937
NSC_764042_ARRY_162,-0.030332661821317646,0.00198026782537731,-0.21106064635323687,0.14284986954861748,-0.12198412133908663,-0.047128447971500294,0.05599271976557559,-0.01807762443743194,-4.167054014376257e-4,-0.09876680479834439,-0.048943372997739425,-0.04289404790021963,0.009705469421644054,0.011212149374542115,-0.01965579312019903,0.008863307038760862,0.043062257468882724,-0.04156690771794775,-0.025328365058453775,0.026953225435374865,-0.08286107825117982,-0.004550854987398281,0.0012706048885774738,0.03586210741281363,-0.016832824756985564,-0.019424730865110013,0.017997908567514233,-0.024065814546797685,-0.03309639780463004,-0.02409391050958882
NSC_791967_TAK_659_isomer_1,0.10801326810589804,-0.096835971416215,-0.0640091255075203,0.14812226418018362,0.13964726821594342,0.018407224033621373,0.00258539860078661,-0.0074296474844332975,-0.04100646724912954,0.059929040922843665,0.0487295336415641,0.09712330184539436,0.09849625152758157,0.052730667185906153,0.005787858564497104,-0.015310562521124983,0.016584269548539494,-0.038188069855695464,0.03553888801730206,0.008392150461778972,0.07728677411807176,0.04015869059869033,-0.0368014547570397,0.013191890740993674,0.02136136877762247,0.0414500656991581,-0.049447193837145444,-0.021177534004323487,-0.041611088132056,0.11047306889897024
NSC_718781_Erlotinib,-0.09436314072706951,-0.0735662034070616,0.1258364694245634,0.13349176639873603,-0.04054708551373268,0.07459087764427381,-0.06716711543384732,-0.09841806435918472,0.1304645163614654,0.00258764438491523,0.050359200640924674,-0.0010875744505101227,-0.10104424750008144,-0.04574255637098958,-0.009068341620467275,-0.039322869807547706,0.03266985450449331,-0.05275269832576201,0.031679388735106284,0.03338861344444254,-0.020907123618865334,-0.04193802079774141,-0.0497409373095319,-0.062006632657735344,0.017575843101001572,0.04951564656397822,0.012953785965328547,0.08363131775089945,0.02988000336551842,-0.10594220144692633
NSC_764135_BMS_599626,-0.07759537925957441,-0.11085114299864489,0.07638479771927828,0.12140284311648547,-0.06368474339769374,0.08104101594425649,-0.13769831482919717,-0.11439051350554387,0.1099102029572897,0.02146787326694905,-0.002010079920197444,-0.07313220810556045,-0.03541672948992478,0.004502457877609966,0.08790408082230898,0.01595718792323878,-0.051664493869718636,-0.034914879980973826,-0.09319282276568329,0.10415170461443314,0.06502938723273065,-0.04611809153943854,-0.06721529765990254,0.02290253903409217,0.0369974098570277,-0.024883546177804576,0.0667197071811088,-0.02142040466672276,-0.03225576449238177,0.04002967841098059
NSC_794443_KPT_8602,0.10339401570190673,-0.04757367597302429,0.02087123702761554,-0.10219989112564126,-0.07775119774697946,-0.00918809281366885,-0.05648236870573121,0.010707182135448244,-0.07404740871713882,-0.18512519665570135,0.09000102519220872,-0.04809128132730305,0.04289125898918813,-0.02493992265071199,0.06630126641350798,-0.1728707940861354,0.04158208141723129,0.0026639675843890616,0.06144609590519377,0.02124253253967843,-0.13932311985084772,-0.07747774874793453,-0.08365982277652852,-0.14828965348833167,0.04776731782131151,-0.08401432152519643,0.023629378936947654,0.14502495407922758,0.01434117000821495,-0.09674073935259206
NSC_26980_Mitomycin,0.1352146387641151,0.052818303866028746,0.06035627406764627,0.06900292224492462,-0.03562766346366559,0.12371017613368211,0.17810544474213358,0.013680070918253183,-0.025992436771142127,0.04045509367080283,0.03463611390653364,-0.013403384302379915,-0.06131761576302577,0.013050687912853345,0.006216914226653975,0.043108379998136964,-0.0015031536036842783,-0.03711852406209436,-0.027930492585654967,0.0387305251909061,-0.03772982098515437,-0.04318795593207906,-0.0011887881256675591,0.10139811896994268,-0.15539057783986115,-0.07498747974713424,0.016624417699057568,-0.18032112453019816,0.009421306116489855,-0.02896183584216413
NSC_719239_E_7820,0.0011677057810363203,-0.02145585939301744,0.0035201449000152474,0.04996419254179144,0.005642817837995663,0.00462085226613853,-0.12589460995851764,-0.04818940288201983,0.059687065861380534,0.02592767253033654,-0.013101696693737435,0.17820461155355144,-0.07891754311969726,-0.2172435695792303,0.17121725948626595,0.11688466594277873,0.09263712450485186,0.11168800769238232,0.1395517990057301,0.0018798710138867652,-0.11128186718735697,0.14688485669572843,0.0185083750099779,-0.03799751196173306,-0.05101837865986455,-0.010486598945881043,0.022787409649441995,-0.07056090534477209,-0.18979371393827343,0.09377948234681191
NSC_743414_Imatinib,0.08334036919348571,0.006521973041204512,-0.038612450051879396,-0.013035532539332439,0.013074782599354424,-0.08124279528338044,-0.15907396763311918,0.104939147821596,0.1166803122470111,-0.0513295980974441,0.09108045523376795,-0.09427367525694151,0.106062219717459,0.005809407857015335,-0.06857888954683031,-0.05594381105157145,-0.19259103907484168,0.1850222693922763,-0.02826195836924248,0.15946350942630688,-0.04810644691005888,0.03825270247581798,-0.028722678368682808,-0.10178507657711776,-0.11064549947315915,-0.10600521653984564,-0.030970755355739114,0.07491834113790824,0.02244837206045671,0.05756093952602203
NSC_771644_ARQ_621,0.1151712285194077,0.019260057103823145,-0.11761203440777096,-0.07330791537834935,0.04582915667199782,0.14749681675380757,-0.10932084251053485,-0.09525514765911218,0.05446837844650116,0.010819624056169454,-0.03340595331843306,-0.004975958254909126,-0.057097041077613785,0.10273226333595067,0.0249216926348244,-0.0043608328194945645,0.03072129472822541,-0.013869554063360203,-0.022829187780124584,0.062005645886721826,0.034525910833423615,0.08216559730584255,-0.03936693928039968,-0.008092283634153378,-0.09856046743267441,0.10108284872884717,-0.043529424172786886,0.06590990045992066,0.027099176643684192,-0.10816238977361481
NSC_124463_Fludarabine,0.05815235809532988,0.062149572920549366,0.11249632938783524,0.006525515916037385,-0.030909010630952728,-0.07689065420042701,0.11566806013009052,-0.15241940067466367,0.03883202333144419,-0.020369437313580898,-0.041920394385967084,0.10796411488219354,0.16828020427518414,0.06489603104741154,0.03615847125859274,0.08629942893246939,0.03054837953026306,0.048898699389554164,0.11478965640804326,0.07280044954350136,0.09695941228970435,0.0538496387578528,-0.022493016837322948,0.1497961851873876,0.0015905671262130138,0.05906411921558535,0.0794670763714569,0.21489041090135746,-0.050534078423558185,0.04178468404848202
NSC_767745_Pelitrexol,0.08892349684248668,0.032797097210188676,0.06935040848603924,0.1289747403110819,-0.02442482475275224,0.03623355767508291,-0.0400900481184082,-0.0309086355796774,-0.026857478465876643,0.12413393943987218,-0.1321945061355033,0.01988124150738232,-0.02180301080830114,-0.07262711946449718,-0.0685435683069336,-0.045796600505809776,-0.17013048108077067,-0.05353188054076093,0.05456177102001442,0.018224908166954833,0.02432100835673492,0.03059144163234351,-0.1480919467014878,0.04712886812975844,0.11461638648608005,-0.23004006815583405,-0.13660929623210472,0.1465885867153702,-0.04409357144071662,0.21285168046537517
NSC_787025_BAY_1161909,0.11312317872277124,0.028386239755888856,0.030590462583543348,-0.08735514412835621,-0.09609277353555838,-0.018249334065977944,-0.11143021448065703,-0.030015510768449025,-0.11919946618350416,0.02697341465831371,-0.008160991726650555,0.14800090316125833,0.03254588265040138,-0.07201644347261382,0.14842275574206162,-0.10089769248884237,0.019216430748862333,-0.043674404516475085,-0.2072479407635507,0.07483201796919625,-0.011572088340866454,0.05572302699056498,0.01835536590649544,-0.019895498705186514,0.11114476068810258,-0.03924153820250084,0.06365578194781156,-0.07504249481879671,0.011079678410244369,-0.10568551407654071
NSC_614826_bisacodyl_active_ingredient_of_viraplex,-0.04982505405654437,-0.012364412843825286,0.022227524138586197,-0.14365451088201037,0.002529764585135448,0.030905380102151617,-0.05554286031633956,0.09529873127282458,-0.11904331665431932,-0.09405267151449788,-0.03590005326180194,0.07122386887276795,-0.072735371267449,0.1644636328501439,0.050397682631608924,-0.06286061885770494,0.21668470542233115,0.15786743175819837,0.009669209751063047,0.08242343300908458,0.12232605883437266,-0.08800648774390732,-0.15809604448743816,-0.03247082581810622,0.015616173338188507,-0.023699671645434395,0.050907673589508234,0.1123711512896661,0.15556272713988595,0.0919681410706845
NSC_92339_Fluphenazine,0.04789830537393041,0.020246642534283592,0.028245317320002968,-0.1305251609604477,-0.038185075698296954,-0.01547076574228014,-0.0909393376804508,-0.13690907034500183,0.031800638910912594,-0.025736432248668315,-0.0441910829393408,-0.02753601347585056,0.19330663611349488,-0.1283605719409953,-0.08945273578109046,-0.011391584168873882,-0.0031836631486821102,-0.07979294536390935,0.02328921222579934,-0.2826519639284998,0.05491510028803285,0.08277433532138613,0.08060923188343952,0.07439153709248529,-0.07621798369079825,0.028440713664962793,0.2437894983905865,-0.06342087830409908,0.06621945004679716,0.10946908268530825
NSC_792956_AZD_0156,-0.045819373068410746,-0.17711048365617466,0.005671845940917442,-0.037946963647647124,-0.11005650814392458,0.08658686651770223,-0.023251404970143955,-0.038380442387523715,-6.246231377859517e-4,0.09485613877556746,-0.07354001704133864,0.15913043301465127,0.025540082899694515,0.030314066191291306,0.00904522594510201,-0.035201728055672725,0.03521301701104625,0.041749008768294106,0.08055775399734812,-0.027102955287296702,-0.013552389564188168,-0.0029786405773882235,0.011533241972633845,-0.035926240658255906,-0.02811783429427392,-0.009339090383572649,-0.06754957254571375,0.008105902424858513,0.02046671003908521,-0.057622457710596674
NSC_777445_GSK_1070916,0.12844923613305786,-0.07070321030289711,-0.02826136177244698,0.011417597685110395,0.06271887820645894,0.021516377862088897,0.006519184118505132,-0.08915684527243105,-0.1034011842699607,-0.0707137398968219,0.051961662544036086,0.08330548689915553,0.11118646478463794,-0.06921996988274039,0.12360064622405247,-0.06526231955338918,0.09524311613489152,0.027539406948211154,-0.13064960595890968,-0.0296796879823469,-8.641128162391865e-4,0.020955300185169397,-0.012377163204817224,0.045631491815314604,-0.1928391839237599,0.07666546156044393,-0.05312029854555638,-0.041916476578185854,-0.012337686403442015,0.23752848727052583
NSC_805500_SEL_120,0.03683032694129357,-0.07857992774142482,-0.021418658719501344,8.20705705616084e-4,-0.08835007538938335,-0.13735181082089526,-0.006213382454586602,-0.23501533417779247,0.023880416374709067,0.12610943121783433,-0.08572324278102642,-0.16782474501671923,0.037996563070189664,0.004802062773496582,0.0608949605711631,-0.028808544330528815,0.008428248341330697,0.10101870431804173,0.015574594741914735,-0.1414488470671733,-0.06704509439571234,0.014816586514069098,-0.0558139761981614,-0.06255973477414636,0.0083879374703751,0.019810937522745712,0.0513595939310856,0.02003406616798464,0.09691273247396315,-0.1036807984796003
NSC_780019_PD183805,-0.09541402103763591,-0.0748652240080297,0.10764522966645469,0.11501486456132377,-0.06515036692665438,0.10424367941072851,-0.13374143195898255,-0.10325995892406763,0.06862475681453922,0.021553144767582542,0.015150949612996538,-0.04977903473754509,-0.04495019166693729,0.052742801216984415,-0.02113643236988663,-0.015014259604815089,0.019523041809095216,-0.06502977825144576,-0.02919939638717234,0.05178711006089657,0.04700814595053202,-0.019759636374053396,-0.14850309986989504,0.1289257733565039,-0.011623064180721824,-0.03138130784189553,0.06617397516511048,0.028049737417458736,4.3994008174915204e-4,-0.04279755165636077
NSC_782549_Defactinib,0.048176749965885494,-0.11837045533392282,-0.07048656679641978,0.12244240484092697,0.08343196459985527,0.02731865076547015,-0.04646511515603271,-0.03358979651688623,-0.07115406657707977,0.02095006497941921,0.1099926144277105,0.009575630739601047,-0.02559552195721516,0.1268709446734442,-0.12406022955729208,0.07145898053919945,0.13069107222217705,-0.12030508977590923,-0.02674634340052884,-0.07824143349732189,0.05855428130323425,-0.04982239802446777,0.07850073458008013,-0.021728675632511702,0.08018783709095595,-0.09732433981888118,0.10868037022990387,-0.03891986056821662,0.01973882024447914,-0.014014148719174863
NSC_768068_Cobimetinib_isomer_1,-0.02143921706521665,-0.00624077733916539,-0.19992181767424003,0.1585900392726539,-0.13004184839280236,-0.0730109541512225,0.0032173513046071956,-0.010914559110357023,0.02365886599020057,-0.06517115739831171,-0.03401699890027443,-0.04016474528189548,0.0017857011108367423,-0.012695954872408335,-0.0076078124166298385,0.029049750117115875,0.04873301251614572,0.02939021765155519,-0.07529661562891304,-0.03329140696471253,-0.0680832673477028,0.0069206096588115456,0.03467970192904715,0.008032674484842347,-1.917966774583096e-4,0.0074181585900586645,0.025000496082118132,-0.012210616961110376,-0.04290271818361478,-0.0647339200868888
NSC_766820_LY_2228820,-0.015713445263703843,-0.13302885297730388,0.08246916666590734,0.08871950196145505,-0.07074037282627708,-0.05677845218025893,-0.12317432041771458,0.006335049753140139,0.09519436043657027,0.06814344633435741,-0.05593702742458735,0.006169007969405747,0.021503314679755917,-0.1271142292474057,0.024549532723636643,0.11051352262584822,-0.0589905318780174,0.018509448943777283,-0.02964745559195444,-0.12013704721821121,-0.08192997350839527,-0.08629148971068956,-0.04009282166050608,0.023230447306220117,-0.13613056437863427,-0.0425328702664715,0.10904110764264321,0.1299177014773962,0.04703670264840096,-0.01048432953577167
NSC_780108_PF_06463922,0.06067130339053433,-0.10995606489900729,-0.04970734481127706,0.11821279644621543,0.03167983884457375,-0.029929043083476964,-0.05811150217163327,-0.11188125502103097,-0.18294588319822624,-0.044792341590311466,0.05073653820318268,0.03438047743781811,-0.12819877474389366,0.035584985649255683,0.028904219280831426,0.02139906652501402,-0.1567763851127076,0.008698612648262587,0.056050821547024954,0.11712283749441955,0.07539242804371367,-0.014368477208308146,0.09020755317920319,0.03218767697863457,-0.04088251468415813,-9.778355874358097e-4,0.11800354088159379,0.006075468576705355,0.10025320164561116,0.02294545954082809
NSC_759658_6_4_pyrimidinyl_1H_indazole_derivative,-0.013785090663315978,-0.16862626147304619,-0.022834698966869318,-0.06007449906979823,-0.14206665950546055,0.05999374705040644,0.013287610309475104,-0.018706718628886846,0.06408591353738448,0.05213384480847251,-0.11492637060735678,0.102722610497419,0.05539470528263098,0.0029913030846454823,0.0016793469607655235,-0.023994929303278567,-0.04568466854082818,-0.015222598214513198,0.06640379480938906,0.10641948459712715,0.026034605533718187,-0.039962258852892715,0.08075925054641689,-0.028518549855595054,0.006125974496621845,-0.00496279568128807,-0.08824566989433119,-0.025512117060860796,0.015204516950690077,-0.029141887934724792
NSC_669364_AC1L8IIJ,-0.104800612396524,-0.033425005165078216,0.07862820593983841,0.15083202840888124,0.024680107231189942,0.04973971983684331,-0.04218476738459221,-0.03798980030875489,0.11591282875741384,0.0867139569705213,0.02440075501957309,0.02636693841280552,-0.08693458408736644,0.03674067563859047,0.04441577657098861,0.03148119281215652,0.05448551522220401,-0.1354640433092864,-0.02606372257433473,-0.04764614817473564,0.1124532925989872,-0.03523224121517958,-0.028631399690860343,0.0432625120362059,-0.09915219613152508,-0.02245832560302204,-0.09633921851078278,-0.053619281682171845,0.022514082812030288,0.040413054122450734
NSC_764040_Alectinib,0.07672112400451095,-0.05465006372316053,0.013613634451358258,-0.02851381772229682,0.05257264672689749,-0.08682282000950993,-0.03964213406287071,-0.19659556497972885,-0.129000532856309,-0.06839975202160782,0.13351010414854284,0.0302588828016608,-0.11702024309460637,-0.0012796752621482956,0.06359350573642068,-0.021124181599194568,-0.1614932853165595,0.018483009764797567,0.09079153489189314,-0.043102978791648754,0.08042208040688582,-0.023786083268613683,0.22452930164038487,0.12832449659434836,0.06339681010266213,-0.00919450918654028,0.06643965368379656,0.0933507679764216,0.0486356175045444,-0.02906039783608749
NSC_786959_AZD_9496,0.043031712183990156,-0.033011958264427085,0.03830896093300942,-0.10563026154298856,-0.13394285577876167,0.10988403024950912,-0.07764218635280105,0.12691025883299692,-0.16215671066363396,0.0792922796815953,-0.12821824679390195,0.021415752933129074,-0.06927836782829642,0.1658984807347244,-0.019544918385051256,0.03413854156201539,-0.07605414421307931,0.026565517080519144,0.02223584245908374,0.032557249035544474,0.005722299846598521,0.02218724278970808,-0.12699272005357082,0.0032953823432367415,-0.02517989174999915,0.19362424054776997,0.14291778440155486,-0.012740692812509563,-0.10123943012092118,-0.013912915356538493
NSC_767896_LY_2940680,0.015377219964946901,-0.086029745985866,0.020361833797268882,-0.14380010352275377,-0.10099062063904204,-0.09521462627470978,-0.018049042688455384,0.12709906287739411,0.08223814019887538,-0.017998012355903346,0.1121345288506217,0.11511534747077909,-0.07942975048589353,0.01998805166259593,-0.0572880941366842,0.1782248757519763,0.06940604139684742,-0.11739058186730067,-0.0985830537365858,0.10978458354767949,-0.13002692865639182,0.08007888504875925,-0.0704846063571193,0.1000645021237129,-0.028450828215877598,0.03683445920282111,0.021735570957454337,0.1407327958899743,0.01400863970409513,0.04705783280188782
NSC_758486_HPI_1,0.029173570505998645,-0.13733687414782925,-0.04846612207872411,-0.07556653462514827,-0.09207195961758065,-0.019121195322086337,-0.03909080130851539,-0.02915301341868121,0.06751745404133576,0.06610488717905146,-0.04913862643886217,-0.07242160673027777,-0.1109189182039539,0.05287897259926554,-0.09027729148152444,-0.057622569931122636,0.08058757569901309,0.11109471930026224,-0.044928036748604225,-0.09175590032170787,0.08659532531014208,0.13744913990268579,0.14371423654562346,0.2101930799049639,-0.010517269402350926,-0.11311698058669961,-0.1366486630550545,-0.005998746874154093,-0.14372510844565306,-0.023886327503100775
NSC_89201_Estramustine,0.13004003854929497,0.03339762538793961,-0.0031356302294827014,-0.04403878259863678,-0.030553059854469853,-0.038548118097688155,-0.0756010766458779,0.026735757647738986,0.016566763360827765,-0.17470801385233883,-0.002211482566000635,0.011321881475378073,-0.1664907394655723,-0.06350789714154233,-0.08736955671124785,0.05627651300901587,-0.1495678780422055,0.03858118046095856,0.0858647518728716,0.03882480775634041,0.07826805553890961,-0.03172592367859878,0.027967200843892388,-0.01981485662775165,0.14750487419821146,0.019735861482874425,-0.12477124564763359,-0.011224325659371892,0.11362399095146873,-0.07898293910124608
NSC_354258_8_Chloro_adenosine,0.09022095598672047,0.02588519781117714,0.0960933752766332,0.05923181755710656,-0.0742900210733144,-0.002217401320405757,-0.16378606466349133,0.03739261888136299,-0.011289073924111236,-0.004276260852539544,0.020213299128703448,0.0866271078144225,0.023201546925215828,0.030060121383896375,-0.12982740256462366,-0.01672550357507642,0.18302545813812018,-0.058517298720576635,-0.07024408855880186,-0.01581770925242496,-0.2140012201164096,0.11482749534581976,-0.07732857883067228,-0.04308616181579053,0.021852261813245823,0.07802915733581173,-0.17740642126628098,-0.02088767109073769,0.04244915972818359,0.06329561537190925
NSC_751548_Salinomycin,0.08122811702313,-0.03773396628903493,-0.002533237132974657,-0.12288818137474158,-0.031730375264482566,-0.020817850020103095,-0.015764821842004298,0.020861303776458336,-0.038222813090442856,-0.09485710432074823,-0.1163005479316034,-0.12848492854615853,-0.212178939021443,-0.09963019608323939,0.021129512051686283,-0.05645382003743588,0.05527505338197623,-0.06519126647868628,0.07951382260527186,0.07268609807994887,0.09074888212921682,-0.1442514514394491,-0.06450882293412494,-0.018480774138477908,-0.015072342035359542,-0.12568474837802066,-0.10100174455292191,0.06001580711754899,0.1333457888370283,0.1428697049517802
NSC_788186_Bafetinib,0.06568680716238735,0.03143978481349508,-0.13660681659963123,0.045255230730814326,-0.09137096348106688,-0.09693362840610488,-0.08294126381194597,0.14903874211545268,0.1644571777353956,-0.009552877082025228,0.052797373254948814,0.03979704612170315,0.018947199625365386,-0.03002771589681112,0.030276932219206926,-0.0877403749400712,-0.11055033763782127,0.0857810929494079,7.637708594209635e-5,0.13227916393922323,0.056848185277236736,-0.01227552584133679,-0.05070844759047747,-0.1062238449882141,-0.05487877929093619,-0.022859936912684616,0.07756583044143336,-0.01045723312630413,-0.016188649046986296,0.07711917905357497
NSC_732517_Dasatinib,-0.0334012423428583,-0.10075714453267118,0.05440176575869005,0.11790659306384176,0.10074481115662812,0.03570615197523087,-0.05804574229654366,0.013313081053483148,0.12656935789286994,0.07422173678993055,0.0023346301744513642,-0.02550210210957452,0.02973182644136746,-0.036181257648590384,-0.014036869652373154,-0.23965723872862724,0.08822481571083529,0.1212144631707167,-0.040422078051490146,0.08094617215835341,-0.07913877086268813,0.0629901398877698,-0.012796814194376014,0.036850741597174025,-0.13850242536352206,0.022754879079979914,-0.01333654806228437,0.1417421868250487,0.056759393630042385,0.13307970483452597
NSC_772254_ARRY_520_Isomer_A,0.09386022464151729,0.07297601312708289,-0.02811193135263665,-0.05736209956251163,0.09832388082681044,0.07296550445646761,-0.044737355356388356,-0.017870853921595882,0.037645268443153045,-0.04169559319050637,-0.17077231577208354,-0.03780181735037961,-0.038365414969842596,0.1206294206325463,0.019583231572789243,-0.02842433075149386,0.05043767609404974,-0.1278634400125424,-0.0668723858440649,0.23938523027697053,-0.10275126365736424,0.06632590687897998,0.14944156708301118,0.08782511430791907,-0.0269144390913941,0.03689159440865302,0.08691042337089862,-0.04730271712767908,0.11641677345111769,-0.05778478498207386
NSC_791648_PF_2771,0.1114425217024968,0.05240750045865678,-0.0010549896479737934,-0.05003413537973189,0.08870472331121224,0.07624053827986413,-0.0842541518436757,-0.015678036042874977,0.07356495689446432,-0.05087487001948489,-0.11787960784676838,0.015553717503934283,-0.07030771619715478,0.09163226929017682,0.03968343027535546,-0.03828086494891284,0.062367123359456086,-0.17306086049742245,0.036484145578877546,0.208595567264684,-0.14874964222306394,-0.08799816344761642,0.1074243904821204,-0.013244514994207514,-0.16059350888131993,0.008933204638136223,0.06705616613832412,0.08672025397263644,0.03980417929143302,-0.14930401968044946
NSC_710464_AFP464,0.013698060875173309,-0.028204078890637,0.015398054864713262,-0.0038056715773858614,-0.11602062572330803,0.1452834076769461,-0.10917809693379689,0.07532983242530134,-0.1776074083322109,0.012278479592091654,0.04365394684412234,-0.11994794084732066,0.0775701004089908,-0.1601120397243222,-0.0849139426457119,0.014967311543702894,-0.011920135125708903,0.17145184244158804,0.06494909421340499,0.06308919046808306,-0.09053158479235499,0.10009793226679675,0.052508057868421644,-0.02323710068995486,-0.030969315874424693,0.004702382444523514,-0.14865597003883738,-0.14360788467197907,0.029456080218282048,0.04366288212496892
NSC_3053_Actinomycin_D,0.15092645571109758,0.022214081473216143,-0.10304057036018897,-0.05182755576914829,-0.018071837802507082,0.14223378103819487,0.00980803097646911,0.03791331252072012,0.0280441161706045,0.07361838756148112,0.11065786771468678,-0.05661020238968123,-0.01848384163858837,-0.07853941948159981,0.011159143439199902,-0.011202348914465915,-0.03103506700097274,0.013267051982206261,0.013478392224326953,0.03597101666610888,-0.02449059453818282,0.034188666469504636,-0.04251786381069335,-0.030148235409241206,0.03986131485284226,-0.0352185090908511,0.16872960229092487,0.017593312301059174,-0.03023414471056051,-0.0024811059155837476
NSC_755384_Pemetrexed,0.11089838658372536,0.026971529301811365,0.10301710799514123,0.11397543358789135,-0.03177912143146847,0.0661372344286803,0.03914881800151584,0.10983279849118735,0.04665848586013697,-0.008108196187320841,-0.09800925009588968,-0.07413433411259816,0.10431674092754951,0.05850639869412891,0.010631529342889714,-0.06135685619434376,0.05581921765586664,0.0418764799635569,-0.008751119289677894,0.0017955451787782432,0.10131970877673029,-0.022835201045530485,0.0326953008149216,-0.02068457836135073,-0.11087198219443581,0.12861994686478256,0.033733564565646634,0.0307004540902351,-0.1508439879341578,0.13000721270170315
NSC_755984_Pralatrexate,0.034448613425425045,-0.07705296537861088,0.009748787756243429,-0.17070869218762272,-0.08342523242826219,-0.1620490062841541,0.05110281196653583,-0.012074746482749716,0.10371916254325793,0.06395029759350347,0.09992850131633506,0.0012111779093250093,-0.0827622138026407,0.011501561176184106,-0.03002110364612323,0.14721983113550263,0.12522894168712326,0.031594783889779404,-0.031223154643252718,0.049860949384139035,0.038769196475459115,0.0661271344283867,-0.02054783543020998,0.04011763345292719,-0.06263978390236902,0.09990723399507923,-0.04440475865276693,-0.049590483431173366,0.02126627256293832,-0.05585750817058665
NSC_740_Methotrexate,0.13437929094399476,0.13643353560661356,0.06659349720830339,0.09034636292616735,-0.024831217338422525,-0.035928314223535214,-0.015477372260841848,0.02811549790839562,6.407614818928885e-4,0.09315045331613839,-0.0839238027608628,-0.05621142235438794,-0.04468577110824112,-0.025852996924731184,-0.02481655960100988,0.028229306386998367,-0.031307154376237455,0.008690052473709051,0.0530617589605598,-0.020939501263730054,-0.019961358653463525,-0.062087702378684974,0.06544498739247594,4.7952256339910625e-4,0.07680624562567324,-0.0024581078826339878,0.03401722840651731,0.05331714021098445,0.02846959836215203,0.034901954763909664
NSC_663249_Triapine,0.15076193129864496,-0.017038790317872695,0.11518410959516429,0.06013657950986205,-0.0566120599312166,-0.03855496183855757,0.10454272034873116,0.007150712923290291,0.04239148950857103,-0.028228679537299798,-0.05649848485795839,-0.04231762707666794,0.011582503449645908,0.07963305025045662,0.03160182281912121,-0.03215079601118884,-0.0022055548936985533,-0.048409651368144874,0.04074107682767955,-0.10784409663513875,0.0010286793034337803,-0.03220351316506369,-0.06590107598848736,0.08941917250187785,0.015212461638840453,-0.043483090191482776,0.0693377281573449,0.13321385327233548,0.13064964862718764,0.04013159103116173
NSC_752_6_Thioguanine,0.11039436840675333,0.017290785847138272,0.06651414176160658,0.011235136536733421,-0.0766726537870221,-0.06447946639831853,-0.07437348465006059,-0.06293509168413859,0.07719989457805476,-0.05366444917966152,0.0801758275106084,0.13160908947619046,0.09308595287210886,0.1794053249899989,-0.09586563408481226,-0.10691629127249727,-0.022753045261434325,-0.0022335573107637677,0.09129501085341407,0.020374067522406798,0.024041572777996463,0.1705662077992031,0.07426789369541326,-0.05930246775706731,0.009081547688960126,0.1403721688198323,-0.054494340433570695,-0.026202822126654705,0.2180962433494884,0.03651148873526194
NSC_755_6_Mercaptopurine,0.09995472347597728,0.04252578256561836,0.050704087511346314,0.028026170824409547,-0.07326163249712479,-0.018654302382973137,-0.10966406750713686,-0.007126733916306775,0.13051338019648753,0.01896933438203351,0.013016657386552152,0.06885540798839729,0.013579777002104595,0.18041751194136613,-0.07778621071590047,-0.13238385799502067,0.051991714699406416,0.15977740024778253,0.188412034342802,-0.004596551273074172,0.03990161349849073,0.13419804697803325,0.16037133990762825,-0.039151656945433926,0.08173468509005992,0.04155079540597593,-0.043492298152577054,-0.04638768706961997,0.08583631231393161,-0.0617146575794532
NSC_19893_Fluorouracil,0.14246177589555123,0.06294595068362013,0.060817682221992124,0.09325754971873539,-0.0683180418489124,0.01705749730836924,-0.061772202608552054,0.07782343456575856,-0.06837807803276047,0.00859489970928648,-0.07714137830003384,-0.006088285777386447,-0.07127633297598913,-0.043430198998994855,0.004611671032975607,1.74583082240769e-4,0.061722640759111984,0.049118489403170595,0.020961469656786143,-0.11265841708414952,-0.001777615060491567,-0.11097561260329826,0.09416851257666475,0.00259620705184557,-0.03687251018055728,-0.1560887996421484,0.10877884149551517,0.02681620205494794,0.12711604048447253,-0.023264082607124786
NSC_27640_Floxuridine,0.134893009017416,0.03716825625802629,0.10690763362832799,0.019411375215582862,-0.017005323617952733,-0.011082996478585443,0.1068231183657821,0.04822228725665659,0.07944667732549619,0.025274564918840187,-0.14810303030778885,-0.08819436153799996,-0.08654879645996015,0.01010383872354423,0.07156716093694665,0.008974155166400797,0.09410313825451222,0.099522199621463,-0.02222683535517753,-0.026774078952209797,0.08803874412246335,0.007009857750359215,-0.003512119467158762,0.12785987919353545,0.10646986797264069,-0.12107987992130885,0.011693749256099836,0.019989405938994443,0.07162591434819919,0.14845273776231982
NSC_777571_BIX_01294,0.06234484067119004,-0.1255318143409198,-0.0627365700252509,0.02005161191623996,-0.029845711107364805,0.05568468453180519,-0.033445673459662616,0.09072585881813089,0.10362761715459515,-0.16028425800710708,-0.004351074394763466,-0.0952021896154935,0.08112031914766955,-0.04146063560093287,0.05241837320198469,-0.08081311183696785,-0.05590055991526844,-0.10282047405663408,-0.1397357613320275,1.7280034666901253e-4,0.05452773489914572,-0.15451831508091782,0.10175229840809895,0.1618722815247492,0.051306363643928043,0.07570707319401519,-0.048636777133894485,-0.054021624644582454,-0.013543477676070205,-0.018175233462312798
NSC_798303_BPTES,0.031516427395760514,-0.06716086642065733,-0.006147302446241135,-0.06263475221942864,0.11566736248905396,0.052138766999444405,0.044555195395446334,0.048632487173695484,0.07012037381200513,-2.4858114329435424e-4,-0.010406288695820621,-0.23857682349556122,-0.06247053212043562,0.005726442109284161,0.01672724498901402,-0.05631088378606844,0.11636252595867251,0.08962839894760713,0.15277233624328895,0.07067061850177506,0.0857685139154625,-0.09145330131067356,0.2096791553369457,-0.16498636641935974,-0.07278944038415348,0.09139496377587146,0.05325003638096853,0.07858071331373306,-0.0949924123399856,0.01298672310575256
NSC_757438_PLX_4720,-5.556322133301035e-4,-0.025145335141576842,-0.13843661896773357,0.09490555241140645,-0.13491565275039982,-0.052681480025006014,0.05993265814158682,0.08539562457187762,0.13152265563355411,0.016929951142833088,-0.02591868033728695,0.18448008092560308,-0.06901766672078247,-0.07521489047400372,0.05587716346735627,-0.014799209376094677,-0.06878048163173844,-0.03528273869167089,0.014672649588454328,0.03600233026288889,0.12168712326547959,-0.019049315265960803,0.07347817005588143,0.0704437346251608,0.07842996233369878,-0.04350417638496586,0.03614893976266097,-0.07866830932677053,0.058772782332281524,0.09552299029710531
NSC_749226_Abiraterone,0.050172221387258305,-0.04582574263387914,0.01254571692359417,-0.08761480233809985,0.12620772115164386,-0.086968557377419,-0.02458480315741161,0.02450245885204125,0.17388825517111722,-0.08676530517740495,0.00326035885125348,-0.07831745618196531,-0.08156047502705475,0.025955470866057744,-0.014158922577116186,-0.020048885089234005,-0.2940749040484551,-0.03866246126104756,-0.06089437321895775,9.23995366541685e-4,-0.07385391847543016,0.09226960357774422,-0.10771985884832236,-0.0742588027324002,-0.018713987950630007,-0.11818938762116546,0.08493959557900106,-0.01861495065032573,0.05409900408808641,0.03336397017726261
NSC_747974_Raloxifene,0.12567430167810048,-0.02386038825580908,-0.01057799167782066,-0.098047113339146,-0.11161428108081985,0.0094243896926721,-0.09517680867958288,0.015018122208796322,-0.09042211371807132,-0.05893969245094686,-0.07812183099217625,0.04292649993441589,-0.04286135665053421,0.06539543109464892,-0.0831420768457659,0.01256410593169524,-0.13654922900245223,0.035711705385502585,-0.13596668763079242,-0.08946879660310632,0.05444918144213965,0.08290692488814748,-0.017404503322877487,0.011816985462109655,0.05544572424007246,0.09997430014093872,0.03497276996915884,-0.005319542223200029,-0.19411470064263303,-0.03960504858039669
NSC_728165_Lificguat,-0.04800281801123116,-0.02984649155938756,-0.007454262099286256,0.08390672281447595,-0.05575529368057345,0.11891669045861158,-0.034643737579369366,-0.005299103287832838,-0.1607271195343336,-0.07193880794241159,0.010058654593955453,-0.1734715393034974,0.09504859929382577,-0.1678219241134173,-0.03399463737569376,0.0010380385171377994,-0.05361583086818208,0.13528200796631415,0.10172171235380478,0.08340977125055252,-0.03820456919588323,0.2044239609192161,0.010455821230314086,-0.05587380294041186,0.09307834981664409,-0.13018723695366516,0.006946283684252405,0.018132783892531854,0.05830369600712715,0.07668393827855563
NSC_763832_LOR_253,0.03368485297476664,0.031401218779478636,0.006756241059123772,0.03303665994556468,-0.037711802557357045,0.08497745143200448,0.05994753210699686,-0.06920938720779218,0.0235296128917519,-0.11041459371243478,0.1961449221037812,-0.026941162350142163,0.008390626369410218,0.062029898635580005,0.18844670834104704,0.04990233952555795,0.09611353713557699,0.12412954907539168,-0.10107788656064509,-0.02777516339036743,0.08675794126682325,-0.14205180172507056,0.08847241020584287,-0.06928453899455285,0.2768942443059653,0.09778995996047075,0.04698809749832112,0.1760081606254933,-0.15785597929902775,0.14388678802537222
NSC_165563_Bruceantin,0.07150096481119185,-0.03503208530092603,-0.12105686432719223,-0.011202798851120514,0.008794051555679553,0.23736930629946615,-0.006010807555604368,0.003772263738474952,0.0761194474283479,0.07390649092299463,0.09557514997076005,-0.0717246068819308,0.06788898596186714,0.006163387443532921,-0.019894433576390595,-0.015080994342775532,-0.001546692508562495,-0.06805598833920787,-0.09915192761847944,-0.08334200367250187,0.008155409188996229,-0.16550103234842328,0.03169051047054695,0.030927656913197273,0.06870351366776972,0.04345347641567335,-0.10809839655394057,0.014658136749902153,0.026434112846815398,0.03231644796454322
NSC_779407_GNE_617,0.07411219653178555,0.09872719820900507,-0.03128037932372356,-0.003085626669448894,0.07786206292346211,-0.05182502789125046,-0.1793477461794491,0.011099953122277652,0.03749679382679022,0.09176787899727368,-0.04452505594685537,0.038734235890996,0.07233520925570636,-0.017051098753420046,0.1821774556284598,-0.1156284751005812,0.02293188775747485,-0.08549158432495288,0.0995570000897915,-0.059848709171534176,-0.08719614120370994,-0.03641994874010185,-0.11553629056021907,0.15368852947306752,0.05530192494442399,0.02984319212414895,-0.11177933526561697,0.06675514648408752,0.09174561673530036,-0.050342090641165606
NSC_760442_Daporinad,0.09034573599414306,0.08038136988229265,5.578021947726281e-4,-0.002090611935315528,0.07200860247992069,-0.054769176578162514,-0.12244395949605663,-0.017460353881272237,-0.03331507416115828,0.13787743779928577,-0.057368816330904564,0.03227524420985713,-0.06376532776158224,0.011468626028709177,0.1566056413701017,-0.027737388077711516,-0.09473049353776816,-0.13736320362744825,0.14929865559334893,0.0037005363557857753,-0.11410516342090891,-0.106659514219456,-0.027118304346587914,0.1201418842915428,0.14248630873293677,0.13145360035178147,-0.10624282179381656,-0.02897522184690061,0.008443452190404958,-0.12185901490547807
NSC_753686_Olaparib,0.07145973093051637,-0.12304540638656242,0.048947438127292214,-0.10068679418163208,-0.06839530577325233,-0.053726350646233004,0.06107114710518808,-0.1335651284006992,-0.011473934877869458,0.06599747939400914,0.0726037873825131,-0.05498406736521092,0.034964028225316905,0.10575814402998632,0.0802505005679057,0.0959421318163807,-0.04905000007468162,0.16859022429549558,-0.05798652916715246,0.006127330270103679,-0.07382710966671818,0.020192733336021708,0.005539896602504134,-0.006892114775341769,0.04804576055247684,-0.10962539417690219,-0.06129587433724715,-0.09269583308544585,0.03060535149561807,-0.03437089063969117
NSC_752493_Iniparib,-0.003997639708624664,0.02691528393233755,-0.002132049259646775,-0.0637652796175214,-0.09931233101332025,0.04771468124244461,-0.11004770568701006,-0.08004204691657658,0.09817981930244378,-0.0944280546654005,0.1722146915766636,-0.07668665009277265,-0.11498972827683832,-0.04459823738295765,-0.08679269747256199,-0.04039627038531985,0.045761775809716417,-0.00984492787401284,0.19341609871354828,0.12646884638217407,-0.040798696748388034,-0.19345760991586003,-0.08638413889865444,0.07563023312974068,-0.08310735751338509,0.12464379456174271,0.0447250705112749,0.032400443914497666,-0.06870842589614057,0.08395963978073873
NSC_780290_SAR_260301_enantiomer_1,0.0023806678366317057,-0.178701593768116,0.027272883417826944,0.008233002688201966,-0.011742643694017538,0.07823219884540339,0.08009693905227196,0.07159639448499734,0.0026737945024887994,-0.04697421709029108,-0.18158045169186787,0.020482501992125254,-0.04142268975266645,-0.0449864785532358,0.02093828959659186,0.042430149455552055,-4.589628175630021e-4,-0.019220713210404555,0.06830291773187734,0.020662774091660695,-0.01997207126574237,-0.11979003554932566,-0.009476534076870354,-0.04592197449095537,0.058901062938202006,0.12280510976428965,-0.030020008440545993,0.07085646874789857,0.03717871522453734,0.07367125648751763
NSC_788794_A_911,0.12604858452028178,-0.07611468388956139,-0.10365691071517275,-0.04552300673655268,0.003333099421600139,0.04236964377734071,0.029549932060466334,-0.04855883483462931,-0.050041885467667455,-0.02862546612987944,0.08309283953081754,0.001472442523483571,-0.07836967880677795,0.026941293294817734,-0.04593324887960133,-0.0337796200489029,0.02162756243526973,0.013910090120160203,-0.08164554092220169,-0.07785699002911085,-0.04006393468235838,-0.13475476117260127,-0.2652323421989086,0.022514334952261458,0.1847491135951638,-0.0010562872433622981,0.08632358549439435,0.051681283453589986,6.575027997592009e-4,-0.037142805892246555
NSC_791163_RG_7602,0.0870909399055987,-0.022126324025712865,0.07545603744912491,0.08324279476448906,0.04531735599755146,0.0348823705060208,-0.06276033853781174,0.10326563102983902,-0.016057127368569384,-0.24276645607980657,-0.07058946118234861,0.06476485277088526,0.030074502521287374,0.1136504966400386,-0.01463174907790191,0.0802764633464189,-0.04114061315835762,-0.09110026209037508,0.05081708926749949,-0.07152938884789062,0.07331070179562181,0.08393280467737275,-0.10126249766759797,-0.06612392985247983,0.06332535709599371,-0.017380177167308903,0.0224192739643902,0.02457546845778115,-0.014696619731326438,0.0407118891216413
NSC_780042_CP_724714,-0.034043072290477434,-0.08130624268420855,0.08535494151425352,-0.022327447599763066,-0.10356283562177097,0.12299548400933759,-0.14024085713930548,-0.015101818349177497,0.02811324737520817,0.031320172343544464,0.04326952396529836,0.09212753060546085,-0.009432669608314572,0.11490587369599481,0.2025698775299049,0.04258406613962481,-0.007086970849110862,-0.15190408594297258,0.05551163972402774,0.06052235051412204,0.08570776648427572,0.003484063446892621,0.07094069116878736,0.04834897089760495,-0.11534677727869862,-0.10985080019885263,-0.033695541343749344,-0.1924567649603985,-0.08292463726661065,0.05673198566649955
NSC_781343_GDC_0994,0.0071469300205068975,0.007627727909819472,-0.20281146091460073,0.09142854736259423,-0.1496095788798681,-0.0383923863109469,0.06435756980737671,0.023168652677010734,0.06841547901100802,-0.07800313141490801,-0.07262180530739093,0.0845024498048869,0.030957868738986354,-0.020760041268998105,0.042073074652930885,-0.051428476316087074,0.03805110429593933,-0.032610500567320136,0.05974441635938369,-0.002241264388864065,0.015946155298943863,-0.060033198243035324,-0.0746814911913499,0.0473385725730061,-3.684638800467605e-4,-0.01211108836499123,0.08576745684224182,-0.032571008277458735,0.047670054285562084,0.025514036554650225
NSC_781556_JNJ_42756493,0.026339056232462434,-0.1411325277447018,0.043273263432542085,0.09299419507606443,0.10778347140400697,0.02231202017061382,-0.006088402403147019,0.08876937184148871,0.030312481368779287,-0.17899100404656998,-0.07631699484774751,-0.04867308912243091,0.09199246933688242,-0.12727607494178594,0.1287864779556598,-0.04044886992104817,0.057474095948700954,0.04303743507149893,0.07690619584961818,0.0011435300801144058,-0.03652768887037928,-0.006035505433341232,0.05125430835178526,0.060596521946495695,-0.02360526522966324,-0.01767727266421502,-0.05866763633121196,0.013609651797741117,0.028338767757740062,-0.06489624001008067
NSC_772198_LY_2090314,0.05207655171434793,-0.13798129747366739,0.05385044496376961,0.007879863672844031,0.05657972764930381,0.08191003696231174,-0.014359413972843408,0.10050961448138966,-0.05175870390961398,-0.10113146370424414,-0.1038048239424401,-0.019825431978283688,-0.05152552963672397,-0.03657918848491154,-0.07029035596392945,-0.06184591764317306,-0.03175014826452152,0.014952523112982627,-0.17376645285020637,0.0242208096290961,0.054178008342887995,0.09822581349206465,-0.004414254759532283,0.036547565836611486,0.027057496039837505,0.1948092843394266,-0.08065769076756032,-0.0477128879012565,0.02850515800638452,0.05483253824950036
NSC_776787_AZD_3463,0.058161122501839004,-0.071332501382084,-0.08005807094905662,0.1235564092989221,-0.07906237960151091,-1.6524339179668196e-4,-0.046722994054562365,-0.10607224630622783,-0.14672457097836275,-0.07733824438134354,0.030527106342831012,0.06590269439788479,-0.1622257148547404,0.04458610062146663,0.0024265745254112986,-0.1297244327983184,-0.0113723610244306,0.06120929102068301,0.010000699917061283,-0.05479928326497048,-0.09988992971992894,-0.07428800804750987,-0.011812406574342928,-0.02302579046138032,-0.16566507950477552,-0.07601628343150543,-0.11539983608170398,0.0964432414999554,-0.09993436502532574,-0.11738540749156189
NSC_766821_BMS_911543,0.018413020638279445,-0.13368784647653875,-0.026873184846670495,0.03299013100836969,0.17730905540715639,-0.04087050397315443,-0.037119314525594166,0.03196952472428091,-0.06761389052358484,0.02360741739537746,0.029058826793079143,0.05619064609426586,-0.09199315907819003,-0.06859064436247704,-0.18079803203964903,0.11978929310756499,0.1250020863889541,-0.038224086660813394,-0.006100631223736757,0.062230876276481085,-0.006122481237705977,0.059294869445996864,0.1111487054478888,0.04680893596295109,0.092709003012113,0.04849875921147335,0.19408248932672498,0.06293429678719892,0.03487343628867962,-0.06345502282664553
NSC_772887_XL_019,0.1252249933494062,-0.028832130692327092,0.03921331167162021,0.011073929617518595,0.03050636041248804,-0.07869148937983378,-0.042763003024582046,0.06462244529211766,0.05372821712759922,0.0998385025553047,-0.06151927352769711,0.07627759273328764,0.05484009315541932,-0.17680668180406164,0.05464562874563842,-0.15462593920579906,0.11399417630560778,-0.028447140626711838,-0.25219004148020113,0.005537605293291129,-0.03182235652827561,0.013110516622182584,-0.02522225777594816,-0.04974189565532797,0.07186989973428662,0.009438511840456338,-0.1045552061342446,0.03976247364728571,-0.05311682257278229,-0.005278403945107707
NSC_765866_Refametinib,0.005063861776063273,-0.0660185166937734,-0.18015033598466615,0.04447851613993269,-0.1534993340851155,-0.11110256425592478,0.12905213041555777,0.008542087585451493,0.10281975555833522,6.571707567943074e-4,-0.03806312987563174,0.08486466483050732,-0.05096442735649735,-0.016182363241388737,-0.025024465657542884,-0.0026849013237264926,0.012778429195350648,0.0030100623117453634,0.03274930857446417,0.0071266951087733885,-0.04018004386923655,-0.023761556896699034,-0.028598103483685314,-0.003696267251614506,0.04263439750706827,-0.02672861960046237,0.048084197046527305,-4.74578587925914e-4,0.028121454876202323,-0.0055755719667570655
NSC_785306_TAS_115,0.03033585304315758,-0.14826187800134066,0.0427506802167484,0.01112351231659966,0.09862117442233898,-0.0979608263410042,-0.00890899521152021,0.141206907519765,0.12175800858264314,0.027118297557443577,0.03436821443283077,0.020448934944212356,0.08318971624003171,0.04169693049021823,0.01982058923123205,-0.003698171451671267,-0.021994889777754968,0.08468487624758694,0.08251238831577426,0.09473953734895617,0.0287891524121215,-0.012103876982608727,-0.07081730647387072,0.002974213627037434,-0.029929885791542644,-0.007886862875501315,-0.011749713270495179,-0.12529709638827036,0.1051152549087322,0.08376810804403849
NSC_781470_PF_03758309,0.0752173753974426,0.024745676187429705,-0.19013711347140763,-0.0047404013751715345,-0.0898152689883743,0.06848805309512984,0.04684505583531792,-0.07815286329161959,0.03905844922568182,0.11461862867282854,0.019097219335037507,0.020889030222700597,-0.1285665068341123,0.004019711714333734,0.08201890294219373,0.04526310583968823,-0.029959816841034655,0.04963662080140428,0.003133353940540802,-0.02270044335309208,0.03652494698567385,0.03493812794776792,-0.11983929075234497,-0.14312418543606986,-0.011779928113832603,0.04856366939291672,0.014911196359044906,-0.021038049067083557,0.01784235307689866,-0.03569176114764365
NSC_776066_AZD_1208,0.03191509295692078,-0.11727046535142809,-0.027126343572472893,-0.06520921459566265,0.0607535175044109,1.71704201275338e-4,0.026229520036776775,-0.04130185619811724,-3.51850067516471e-4,-0.06891324657528682,-0.1527863243422971,-0.1444076114857793,-0.004012873728667625,-0.08099400596860665,0.17449226687146138,0.08878358664942236,-0.16494353575830464,-0.03247815317628614,0.055746184782670204,-0.05372688265277282,-0.1937854873761673,-0.08418591087932469,0.08391397097981249,0.08111717678482641,-0.05593709854079907,-0.0062551573442662335,0.11192429885409139,-0.09225969808492016,0.04246434521033021,0.04790286869620988
NSC_811429_BLU_667,-0.020648569933796785,-0.15427425931300431,0.036009799676505555,0.07582482108957596,0.20124601922229943,0.012666294656418747,0.010861493652006752,0.06608002170024331,-0.07222764910233466,0.08756696466015791,0.028411722855891025,-0.052937605648639086,0.02746999165368851,0.01979260978747465,0.02436545637042758,0.026391984129120763,0.029564157355698933,-0.036622836937660073,0.019230930714078876,-0.007550794828743032,-0.025168966512213706,0.009154300056116282,-0.09614433343235565,0.016147296078913576,-0.01357361255744758,0.04339736683629602,0.0360577690025357,0.10535648149960854,-0.07055547660911314,-0.007545606629855483
NSC_697726_RH1,0.14650018666287914,0.04826058511407414,0.11812764121475723,0.06132508412697266,-0.06224574269064544,-0.040214405413789324,3.9955936010146315e-4,-0.018224065391886642,7.825617658587013e-4,0.12963129028071851,-0.02738927849804976,-6.161485560564689e-5,-3.887018347093874e-4,-0.016936442247802948,-0.06795173301842297,-0.010804966004696114,-0.015914788733581636,0.02397020543375839,0.15952179521125512,-0.072523509514315,-0.15342983806591412,-0.033149720659685473,-0.01722331880361608,0.05769469961525682,0.05120470583429852,-0.038614823083765154,0.03841787508175823,-0.022977752527812177,-0.007566109709235328,0.03660847390156275
NSC_761070_VE_821,0.07941406519024394,-0.050234730916053655,0.12079055552776369,0.09279276822739423,-0.015775203576687605,-0.007328267716280453,0.003457618233031037,-0.028300582512354577,0.0839624602205838,-0.135631790321126,0.020239289275887248,0.01697756950017607,0.046151500600192956,0.1385800377684289,-0.0065993900351045045,0.06124673334687314,0.14104266209315966,0.17559181984622657,-0.084688208873709,-0.08938006803049611,-0.09841393087223559,-0.04168273458278658,-0.06017366676263024,-0.13438515524447045,0.03937660589592654,-0.10129617862430958,-0.008434796795801083,0.0542453780439339,-0.0024387877103210953,-0.05058573707221643
NSC_638850_7_Hydroxystaurosporine,-0.005854454914237259,-0.16486732232915222,0.05575265440552062,0.03084330496977434,0.0447703930899161,-6.685698364151932e-4,0.13203115088505754,-0.1105558457719885,-0.026730414244645166,0.06607111876942132,-0.04701320742694419,0.05595233907853754,0.04817369497688562,-0.011715255827388065,-0.13720421089035226,-0.051834528985073944,0.03472867167669604,-0.051098014098834826,0.058723269176532415,0.03820587766546296,0.0454922169120417,0.03598930430431769,-0.06997696100953925,-0.037834210718725746,-0.09989686344470285,0.15960849591982745,0.03194204029941093,0.08634377603981772,0.14131789831587216,0.004404251881058257
NSC_755763_Pimasertib,-0.01768437112403968,0.0052004476187828596,-0.2021055842242457,0.15549132735649232,-0.13436232877124263,-0.0628588814257818,0.05705370682417742,0.011553399227292444,-0.019307134319857387,-0.06981292694899441,-0.0512594535503152,-0.015926432442210415,0.01121048357201846,0.035723988089382444,-0.02094856013449352,-0.02208728053268645,0.055351489883006255,-0.051220602367571845,4.838854966995242e-4,0.014031500371389444,-0.11129524753225752,0.010944636947064193,0.005443907657296188,-0.016826567402031433,-0.05010230843944505,0.015586672666047106,0.012981613214768754,-0.0035765335796783945,-0.0502474574027468,0.020537747010961734
NSC_727989_Lapatinib,-0.0416106917993858,-0.03670428548626257,0.09078473278967542,0.09681437481472994,-0.05166401082595882,0.0712462789422841,-0.18600136872629683,-0.04565072057907285,0.14520442770360753,-0.004808875290505555,0.017194187897849624,0.05136438651216741,-0.06914425406558962,-0.03587674239667124,-0.040586555816705276,0.16983425855642775,-0.07907910370627179,-0.08927357555454517,-0.039621257660223855,0.02478188952090234,0.1369927300025209,0.06574327026050364,0.10845632360455552,-0.05519340107404578,0.09166537493895766,0.08188592777494956,0.11238105227905447,0.004544709735522247,-0.0012518883291115297,-0.033788812235209915
NSC_805746_CC_671,0.1143430922933873,-0.00737733836742907,0.09605247479862089,-0.013906152089868803,-0.033013523710182964,-0.018427910394460286,-0.12967820183847842,0.01225111512391912,-0.06876640647209689,0.05657655748849873,0.05032181348410373,0.05127183137202273,-0.007539340010448215,-0.155828425056041,0.2175405487874932,-0.004244654535431619,0.11565983418824922,0.089487536037147,0.023182648835473926,-0.015227546747322596,0.010863846313780626,-0.04635193412383966,-0.07533168832088824,-0.0029263619868014346,-0.06514306377280961,0.010989656232320687,0.07982575720461611,-0.05880446106506212,0.08122672971353098,-0.09340503475417561
NSC_761191_brigatinib,0.06914869492327497,-0.10666746864242312,-0.03385604619944853,0.08044578963907541,-0.0010827877370417024,0.03476368893918369,-0.05218825363041755,-0.20906867894320103,-0.09636823227579323,-0.14478959919582776,0.08805487221961546,-0.05715445997472242,-0.11510569830942255,0.026173911220157952,0.06406601332124252,-0.026919713534941308,-0.07730864645987612,0.07058168395495458,-0.016108545852387114,-0.01212683807059826,-0.05724270934803843,0.05608860798005546,-0.013589785108293645,0.030166672686145594,-0.025467869641534097,0.03585008728922128,-0.13417614273548192,0.046453742562232746,0.07585033363169866,0.06574842233912281
NSC_756648_AZD_1480,0.05739848229445904,-0.11924931569895476,-0.039838439730939014,0.08036148778852609,0.11970985930608408,-0.037118290014224856,3.961582111064881e-4,0.06907315221921553,-0.20282253127368818,-0.003615305914717651,0.11255343507232897,-0.048923724109651824,-0.03765395208538631,0.03729833411027919,0.03225066998219609,0.07455922878709012,0.042497213501239216,-0.10911287216627837,0.10582021003286246,-0.022292752123474216,0.05262169990427426,0.13334203639864398,-0.039568881267515184,0.02298501037611071,0.07451803310738185,0.0196897088484693,8.483463197401761e-4,-0.052022241391373285,-0.0924741222684797,0.1034684007983274
NSC_761068_Cabozantinib,0.06494113702756782,-0.13737633275312036,-0.0647276841703864,0.04406847599222007,0.10870256247833227,-0.16724938299197786,-0.023682938251224358,-0.0026709867617717045,-0.009578880507495837,0.11822458494532649,-0.02796235970604243,-0.08723068668204628,0.0439923670912131,0.04183206792602781,-0.01177295694244301,0.11481405906913494,0.01624335514660222,0.08934973580995177,0.08817664120059293,0.08099430879947839,0.04392410436597226,-0.024482752648104723,-0.05018503090120312,-0.020800488474012734,-0.07083084260253605,0.04967895133961886,-0.036961464373720464,-0.10137605020877867,0.009617634239927186,-0.033418254303510045
NSC_737754_Pazopanib,0.0733298959774634,-0.11981005385982067,0.017701633775387426,-0.0014131129661391522,-0.013591246481927636,-0.037149333220467776,-0.0019126495661470901,0.13462230923945745,0.02495862130896133,-0.008267672481765988,0.15553609476866223,-0.011153373937000291,0.15017375680239053,0.08317181514473217,0.0515893577306963,-0.1288964537361201,-0.03355488374996187,-0.1672206094715291,-9.081506366612249e-6,-0.06955585900062367,0.011264263903090304,0.13102124620470484,-0.0034608721083570237,-0.017623452430765723,-0.050723518859909424,-0.0074909726015019076,-0.18210756473434844,0.01658207917238773,0.0017606488749888054,-0.018229641657593665
NSC_756659_Intedanib,0.08538033285724744,-0.08980584142703525,-0.08215154864410149,0.08776576933665597,0.13200936324507873,-0.05520640901610049,-0.053719961583825644,0.09987867041982204,0.005460325337018884,0.11520211375707261,0.0025329660667045297,-0.06781284939090167,0.048946360398300214,-0.058296992326728574,-0.11946451706212398,0.0017945847489920623,-0.02316179962301913,0.1235224205009721,0.024012616940591064,-0.01907611104803373,-0.00444676408376356,-0.05788176887576081,-0.03692420037746366,0.1190718054435856,0.03777566577368772,0.13730349152653407,0.11855442888861975,0.05384144802995045,-0.07493092115852,-0.05199119018990838
NSC_760841_Tandutinib,0.1215609623229334,-0.09904479662094003,-0.1151811357968192,-0.03157758547233893,0.09411513079869786,-0.08817586147517335,-0.02560707657343033,0.10329553159893588,0.05129051871793442,0.06620990685015417,0.07817512068566734,-0.022543369587501097,0.03361333566496422,0.07910927627510192,-0.024467089573458844,0.024443102928016935,-0.015722756058434397,0.0034679282218639516,-0.02603109549455123,-0.02249660836370748,0.02330620610007294,-0.03536633407467021,0.0453431014762702,0.11301772749710001,-0.06077021445715612,-0.03296921400937261,0.04904815703199554,0.016778853517280753,-0.04577700251122266,-0.0592928090200506
NSC_808507_PF_6459988,0.011354559660691177,-0.054846252471663776,0.013940440099972225,-0.08636357014883306,-0.11987445723588111,8.556929621014368e-4,-0.06334365234001911,0.22475321948045388,-0.001170301020311773,0.0013116187983157792,0.04240428899724732,-0.11859939759355476,0.08416988435032344,0.08363515848913411,0.11383524158701061,0.17648503101370355,-0.054967283480616656,0.017440564684145798,-0.09914587911063401,0.1074253105326077,-0.08458094992115463,0.08097527679197004,0.008885461155806153,0.12815929874178528,0.007350621780681672,-0.05871008139602052,-0.019724965313343782,0.12958201985926027,-0.04158257184208326,0.048234197005439836
NSC_751297_Y_27632,-0.017111109732929137,-0.15080171182168522,0.011426919652861947,-0.01790165608161662,-0.017831921385100022,-0.10248705405909588,0.017151931716221196,-0.20040310631876002,0.04329884357691801,0.07648061422041821,-0.02413011062039274,-0.018980677780945095,-0.017885063745603808,0.07347135824440991,-0.038091941889099236,-0.012203069344463281,-0.025083121795387863,0.17107270146485243,-0.11999797203021262,0.007909925972785186,0.05399107285580593,0.03173962705254637,-0.05290008287549714,0.14666050232389302,0.03609790458473499,-0.032589071332488825,-0.11327058718558002,-0.00671697642597762,0.013021599843640005,-0.10282471433355378
NSC_755986_Vismodegib,0.06543825890270025,-0.0701583971392909,0.06736411313325154,-0.09577572308426417,-0.04354595248777752,-0.17445433704261282,-0.026736078631526557,0.08641060791842302,0.03551090464880153,-0.018650765881790782,0.06540421205764854,0.07495549544160579,-0.05006681486005724,-0.03598619504625802,-0.0855833109008514,0.11766941267544855,0.10103494697452492,-0.0016542639873364411,-0.019066231242847724,-0.036953719225044146,0.035793163843515864,-0.13417175448742724,0.045305563240121256,0.17812240604193835,-0.1278388350867836,0.024545599147379173,-0.10137353087272272,0.1941072643007246,0.037926147001566456,0.03002726816327603
NSC_755389_Bosutinib,-0.034473727484112204,0.004342264081649181,0.06912390725931776,0.19665297885660005,-0.03841433780984595,0.10902783400031581,-0.1989712337219724,0.016086444086687107,0.1397889349023708,-0.04627835356831211,0.0674533819903948,0.005572075775404752,-0.014111103290782814,-0.08542685719824387,-0.06118825383793367,0.03126225826781364,0.020195443844278967,-0.00894682972222735,0.028887313923423297,-0.056702342579347455,-0.01742227356444437,0.02940844630860781,-0.07664349519187953,-0.01916884053062719,0.01779271079333996,-0.020793968922285577,0.04816488289065651,-0.004177257508356055,-0.013767718677860804,0.031071124949138308
NSC_764764_ONX_0801,0.09582509337410708,0.03567199115584319,0.12213548097213688,0.1116833727752412,-0.062380378555389,0.016889279951752923,0.0866419739876071,0.08272774413079348,-0.07164892572333977,0.01988321939192171,-0.10291473199339467,0.027530224113290334,-0.07047398337885313,0.10293107058141326,0.09850177948692236,-0.010547284703892988,0.0230812363141406,0.021519927188817723,-0.07924001152808187,-0.06977552678178411,0.11396933632541308,-0.037306124616223534,-0.014309832008264502,0.008846176089165943,-0.05456812213382264,0.07661647826345072,0.09349381594577438,-0.07530809026780284,0.11459371526896801,0.05727426054888436
NSC_138783_Bendamustine,0.07328110323807585,-0.01730885746938097,0.06134302075109526,-0.002597285630206332,-0.047564038969118455,0.055268458536138515,0.09075880648134327,0.014092250210864798,0.04628281846229457,-0.06761995625789355,-0.001997726593632376,-0.035812730401397944,0.2606317128431074,-0.014873354704933513,-0.007343480525576985,0.10288805432954679,5.480332137698802e-4,0.03017970127146759,0.08276448877564986,0.2621700830027989,0.11785606468705709,-0.011542631038623295,-0.0280543261920764,-0.04947893245112287,0.08704465594352179,-0.0579943978658131,0.010407041452476725,0.0554983482556266,0.08678982784245032,-0.29163205278874826
NSC_79037_Lomustine,0.14492103945706092,0.030506686587753882,0.0358684746592495,-0.06580476624101152,-0.0367358373869119,-0.03606614275334701,0.01387550829894143,-0.04327501309203144,0.09956562051732636,-0.02736495100897307,0.09192788815674295,0.012936036551859459,-0.0012776696033326492,-0.07218482324077073,-0.07533040664837064,-0.021877667205129903,-0.05348952508094132,0.05728067779936374,0.07217216158567227,-0.001429286432423536,-0.06604488033195118,-0.09652715602024807,-0.06901009329097639,0.03848585639834048,0.12410385702486669,0.06955158995709088,0.05000405867566562,-0.21153264871893038,-0.13316766590609122,0.053050900314279524
NSC_762419_CT_32228,0.08987971198572837,0.06215515700635054,-0.05887398895741214,0.001505989509191843,0.12938637588804072,-0.017503158964020018,0.0022643268943740268,0.03124178474015015,0.07409825944648388,-0.14053606321636408,-0.13535001977219555,0.1395083393380594,-0.10492465265889399,-0.08203689862687313,0.06336106909257608,0.11947553695364004,-0.009343444380611769,0.028332674005289993,0.006019270822117081,-0.13693881949030978,0.03072941701901579,0.024629994957629693,-0.056289617471672,-0.040590128706159294,-0.10385107957310863,0.047487638795820485,-0.11184934950179805,0.07448822161533522,-0.022041292828393073,-0.050585392173397255
NSC_32065_Hydroxyurea,0.13294083977228438,0.03618460278770959,0.125328285908867,-0.010293593636813708,-0.06716286744449539,-0.044847006486123504,0.0587259285360339,-0.06844338794762732,-0.009580780388869246,-0.05309491074850088,-0.0144156759361968,-0.026674126980050682,0.013353025261411987,-0.024866736445322543,-0.18964470396317856,-0.03326588361019972,0.03672701348391431,-0.11111126157652461,0.06338952823403017,-0.05611389962397505,0.04729386215997363,-0.06939181602561725,-0.03348938330379796,0.04361905142129519,-0.10575543060685147,-0.03861405118805156,-0.02722387219561248,-0.06808888781845042,-0.11799759716555361,0.04863978021926524
NSC_719276_Fulvestrant,0.04723635663150244,-0.014446458585555128,0.023407225535608842,-0.1301059147213399,-0.14175332730004686,0.10575883032969063,-0.13502260617871673,0.06673754168544777,-0.13180485651768026,0.04814470120649805,-0.11013376389863444,-0.04929165955638803,-0.07327930283734163,0.11818262460093241,-0.07465916234596326,-0.05564676447619175,-0.029220878352062128,-0.0013557924073606677,0.07284443290561442,-0.08165940410585512,-0.021087574284280475,0.13546740064967722,-0.11877220811713729,0.00711136387582386,-0.0829787173724279,0.07867424500059936,0.15419799968125678,0.012567599554216793,-0.16628198654821832,-0.03729912701578523
NSC_754771_Itraconazole,0.03768891648937289,-0.11373390033181771,0.005885954441929825,-0.0672482125807583,0.02564968451189703,-0.07593677697323106,-0.030111346952598463,0.010565899897904142,0.04526152111123558,0.03750130242774609,-0.07053766828163455,-0.04987245664715561,-0.0465386191134881,0.1437841340294821,0.03211913528948002,-0.16788151293644335,-0.08678177239291845,-0.20943501322989108,-0.13658472212504363,0.012939888594868321,-0.12883303419934455,-0.015979574113130057,0.09153469704994839,-0.16166522126910707,0.034521208592640795,-0.1894790155830053,0.08274497957877021,-0.045387376923972385,-0.08747345701317354,0.1786608955479445
NSC_721517_Zoledronate,-0.011522908666767901,-0.09073432745685198,0.020087453746987814,-0.03825902667415749,0.08042787014002191,-0.0239488084544634,0.052991166074898066,0.06891244875286673,0.10533199365672481,0.03588936107122224,-0.11054040902373036,-0.06287739735480127,-0.013131232302678477,-0.04115295680736254,-0.060907282811699014,-0.28562991315514324,-0.017211471988371495,0.006815206453006138,0.017111019319760577,-0.13842441169715194,0.22600841328488674,0.10415249162764152,-0.028140686745282903,0.012500215552483694,0.08824246071008476,-0.139892071037741,0.09303895776916327,0.018036876976839256,-0.018522410835573808,-0.1476454159449506
NSC_758706_Simvastatin,-9.397259992460418e-4,-0.08856732382191077,0.031126411231714866,0.019861612322214374,0.02384807570848065,-0.11738174685358883,0.09959134096624038,-0.10091768319234255,0.08664821799805966,0.013474136467931355,-0.05146936902154643,-0.17641522239042493,-0.12701724283501672,-0.04886120052106136,0.23037364234393917,-0.022948873662323645,0.0910092213131586,-0.013395844709270617,-0.03223193881612659,0.05105106454650003,-0.07640116257910844,0.0832093405342391,-0.046484952239533736,-0.16654190860766566,0.05799804744129952,0.21432052631911344,0.05107034440392102,-0.07732913296549476,-0.020044814505484135,0.05439675595086739
NSC_109229_Asparaginase,0.08021024318115656,0.03495179954391151,0.06075480161399755,0.05475321784923872,0.029282463358643963,0.007106155583890728,0.06356566644019503,-0.1737903165247325,-0.008154189174754323,-0.12298305528522167,-0.08098703862864227,-0.03017533338627354,0.13980808239217274,-0.048869007693107,-0.10435756268752151,0.006447745112895769,-0.0481737745984312,-0.14180550061560798,-0.05316836811177111,0.1998963652428421,0.06598948879027457,0.17317181328040895,-0.09563098689816511,0.10026291611989734,-0.10396181300385157,-0.03398797972973907,0.11445398681200354,-0.027957483419472337,-0.04925252194025446,-0.007385666294741537
NSC_719627_Celecoxib,0.005721969199678931,-0.021680415884229885,0.008212359586906774,-0.14068768925941152,-0.019515984735354295,-0.05072202708647956,-0.16403931320528678,-0.026408457119591517,0.002101735015445556,-0.013360620948555215,0.03492087287916215,-0.11076072098568875,0.018312833206615604,-0.15624770448472483,-0.07614668499109427,0.14014595491153461,0.031598636774758465,0.0018758855528408227,-0.030644807186416954,-0.1439986259848561,0.025751453926011178,-0.13442940802773407,-0.021963611239368745,-0.12777087424354938,-0.2476185010872034,-0.03145359763108571,0.0535331015296453,-0.11749551276915063,0.19543964956505153,-0.037158404419052646
